CREATE TABLE IF NOT EXISTS `mcr_l10n_phrases` (
  `id` int(10) NOT NULL AUTO_INCREMENT,
  `language_id` int(10) DEFAULT NULL,
  `phrase_key` varchar(128) NOT NULL,
  `phrase_value` text NOT NULL,
  `module_id` int(10) DEFAULT NULL,
  PRIMARY KEY (`id`),
  UNIQUE KEY `phrase_key` (`phrase_key`)
) ENGINE=InnoDB DEFAULT CHARSET=utf8 AUTO_INCREMENT=1 ;
#line
CREATE TABLE IF NOT EXISTS `mcr_l10n_languages` (
  `id` int(10) NOT NULL AUTO_INCREMENT,
  `parent_language` int(10) DEFAULT NULL,
  `language_info` varchar(255) NOT NULL,
  `phrases` text NOT NULL,
  PRIMARY KEY (`id`),
  UNIQUE KEY `language_info` (`language_info`)
) ENGINE=InnoDB DEFAULT CHARSET=utf8 AUTO_INCREMENT=1 ;
#line
INSERT INTO `mcr_l10n_languages` (`id`, `language_info`, `phrases`) VALUES
  (1, 'ru_RU;Русский', '{"mod_name_admin":"Панель управления","mod_name_ajax":"Ajax","class_not_found":"Объект \'submodule\' не найден","method_not_found":"Метод \'content\' не найден","e_method":"Метод не поддерживается","ams_mod_not_selected":"Не выбрано ни одного модуля","ams_block_not_selected":"Не выбрано ни одного блока","fm":"Файловый менеджер","fm_file_not_found":"Нет доступных файлов","fm_success_load":"Файлы успешно получены","fm_success_upload":"Файлы успешно получены","fm_success_del":"Файл успешно удален","fm_success_edit":"Файл успешно изменен","fm_not_selected":"Не выбрано ни одного файла","fm_e_size_limit":"Превышен лимит по объему","fm_e_load":"Ошибка загрузки файла","fm_e_temp_file":"Отсутствует временный файл","fm_e_perm":"Отсутствуют права на запись","fm_e_unknow":"Неизвестная ошибка","fm_e_not_loaded":"Файл не был загружен на сервер","fm_e_no_one":"Ни один файл не был загружен.","fm_e_not_found":"Файл не найден","fm_e_not_deleted":"Ничего не удалено","fm_e_uniq":"Не заполнено поле идентификатора","fm_e_uniq_exist":"Идентификатор уже занят","mon_empty":"Нет доступных серверов","mon_srv_offline":"Сервер оффлайн","mon_srv_success":"Серверы успешно получены","log_change_ams":"Изменение статусов модулей","log_change_abs":"Изменение статусов блоков","auth_mod_name":"Авторизация","auth_already":"Вы уже авторизованны","wrong_pass":"Неверный логин или пароль","auth_success":"Вы успешно авторизовались","auth_access":"Вам запрещена авторизация","log_auth":"Авторизация пользователя на сайте","close_mod_name":"Технические работы","enter":"Войти","auth":"Авторизация","remember_me":"Запомнить меня","close_desc":"На сайте ведутся технические работы.Вход только для администрации.","close_time_for1":"Доступ на сайт закрыт на неопределенный срок","close_time_for2":"Доступ на сайт закрыт до","file_mod_name":"Файловый загрузчик","install_mod_name":"Установка","step_1":"Шаг #1","step_2":"Шаг #2","step_3":"Шаг #3","settings":"Настройки","finish":"Завершение установки","db_settings":"Настройки базы","site_settings":"Настройки сайта","on":"Вкл.","off":"Выкл.","update":"Обновить","warning":"Внимание!","e_sql":"SQL Error #","copy_pre":"Полное или частичное копирование сайта","copy_app":"запрещено.","install_prepare":"Подготовка к установке","isn_p_msg1":"Вас приветствует мастер установки системы WebMCR","isn_p_msg2":"Для продолжения вам необходимо сверить результаты проверки. Если есть строки, помеченные красным, вам необходимо настроить сервер так, чтобы значение соответствовало системным требованиям","isn_p_msg3":"Необходимы права на чтение и запись на саму папку и входящие в нее файлы и папки","read_write":"Чтение и запись","next":"Далее »","gd_exist":"Наличие библиотеки GD","mysql_support":"Поддержка MySQL или MySQLi","buffer_write":"Буферизация вывода","access_files":"Доступ к файлам и папкам","s1_desc1":"Теперь вам необходимо указать настройки базы данных к которой будет подключаться WebMCR.","s1_desc2":"Внимание! Убедитесь, что версия базы данных соответствует версии PHP. Рекомендуется использовать MySQLi.","s1_desc3":"Если база данных находится на внешнем сервере, убедитесь, что с данного сервера она доступна для подключения и проверьте правильность вводимых данных.","sr_desc1":"Внимание! Переустановка приведет к удалению всех, установленных ранее, таблиц с префиксом mcr_. Вы уверены, что хотите выполнить переустановку?","s2_desc1":"Введите данны для главного пользователя - администратора проекта и выберите шифрование пароля","s3_desc1":"Заполните информацию о вашем сайте","info":"Информация","install_progress":"Ход установки","general":"Основные","site_name":"Название сайта","site_desc":"Описание сайта","site_keys":"Ключевые слова","mail":"Почта","mail_from":"От кого (E-Mail)","mail_from_desc":"С какого почтового ящика было отправлено сообщение","mail_from_name":"От кого (Имя)","mail_from_name_desc":"От чьего имени было отправлено сообщение","mail_reply":"E-Mail ответа","mail_reply_name":"Имя E-Mail ответа","smtp_use":"Использовать SMTP","smtp_host":"Адрес SMTP сервера","smtp_user":"SMTP пользователь","smtp_pass":"SMTP пароль","smtp_tls":"Использовать TLS","reinstall":"Переустановка","type":"Тип","recommended":"Рекомендуется","db_host":"Адрес хоста","db_port":"Порт","db_name":"Имя базы данных","db_user":"Имя пользователя","db_pass":"Пароль пользователя","adm_login":"Логин администратора","adm_pass":"Пароль администратора","adm_repass":"Повторите пароль","adm_mail":"E-Mail администратора","encrypt_method":"Метод шифрования паролей","congrats":"Поздравляем!","fs_msg1":"Вы успешно установили WebMCR","fs_msg2":"Обязательно удалите папку install из главного каталога WebMCR","fs_msg3":"WebMCR - это некоммерческий проект с открытым исходным кодом. Вся разработка идет на энтузиазме, а ваши пожертвования дают нам повод для развития своих идей и продолжения разработки.","fs_msg4":"Мы рады любым суммам.","fs_msg5":"Спасибо!","go_cp":"В панель управления","useful_links":"Полезные ссылки","official_site":"Официальный сайт","documentation":"Документация","extensions":"Дополнения","vk_page":"Страница VK","dev_user":"Разработчик новых версий","author_user":"Автор WebMCR & Разработчик предыдущих версий","theme_user":"Автор изначального шаблона","donate":"Пожертвования","e_php_version":"Версия PHP не соответствует системным требованиям","e_register_globals":"Функция Register Globals не соответствует системным требованиям","e_fopen":"Функция allow_url_fopen() не соответствует системным требованиям","e_gd":"Библиотека GD не найдена","e_mysql_not_found":"MySQL не найдена","e_buffer":"Функции буферизации данных недоступны","e_perm_configs":"Отсутствуют права на чтение и/или запись папки configs и/или ее содержимого","e_perm_modules":"Отсутствуют права на чтение и/или запись папки configs/modules и/или ее содержимого","e_perm_cache":"Отсутствуют права на чтение или запись папки cache","e_perm_uploads":"Отсутствуют права на чтение или запись папки uploads","e_perm_cloaks":"Отсутствуют права на чтение или запись папки uploads/cloaks/","e_perm_icons":"Отсутствуют права на чтение или запись папки uploads/panel-icons/","e_perm_skins":"Отсутствуют права на чтение или запись папки скинов","e_perm_intf":"Отсутствуют права на чтение или запись папки скинов-интерфейсов","e_perm_smiles":"Отсутствуют права на чтение или запись папки uploads/smiles/","e_settings":"Настройки не могут быть сохранены","e_write":"Файл недоступен для записи","e_connection":"Невозможно соединиться с базой данных. Проверьте ее доступность для подключения правильность вводимых данных.","e_set_base":"Неверно указаны данные для подключения к базе","e_login_format":"Логин может состоять только из символов a-zA-Z0-9_- и быть не менее 3-х символов","e_pass_len":"Пароль должен быть не менее 6-ти символов","e_pass_match":"Пароли не совпадают","e_email_format":"Неверный формат E-Mail адреса","e_add_admin":"Произошла ошибка добавления администратора","e_add_economy":"Произошла ошибка добавления поля экономики","e_upd_group":"Произошла ошибка обновления групп пользователей","e_method":"Неверный метод шифрования паролей","logout_mod_name":"Авторизация","e_not_auth":"Вы не авторизованы","logout_success":"Вы успешно покинули свой аккаунт","log_logout":"Выход пользователя с сайта","news_mod_name":"Новости","attach":"Закрепить","unattach":"Открепить","attached":"Закреплено","news_access_denied":"У вас нет доступа для просмотра новостей","news_access_denied_com":"У вас нет доступа, чтобы просматривать комментарии","not_found":"Не найдено","no_news_avail":"Нет доступных новостей","date_create":"Дата создания","time_create":"Время создания","views":"Просмотров","readmore":"Читать далее...","category":"Категория","go_home":"На главную","comments":"Комментариев","comments1":"Комментарии","com_edit":"Редактировать","com_delete":"Удалить","no_com_avail":"Нет доступных комментариев","send_by_user":"Отправлено пользователем","add_comment":"Добавление комментария","message":"Сообщение","disabled_by_admin":"Комментарии в данной новости были отключены администрацией","com_quote":"Цитировать","news":"Новости","news_not_found":"Новость не найдена","com_perm_add":"У вас нет доступа для добавления комментариев","com_perm_edit":"У вас нет доступа для изменения комментариев","com_perm_del":"У вас нет прав на удаление комментариев","com_disabled":"Комментарии отключены для данной новости","com_msg_empty":"Не заполнено поле \'Сообщение\'","com_wait":"Для повторного добавления комментария необходимо подождать","com_wait1":"сек.","com_msg_incorrect":"Не верно заполнено поле сообщения","com_add_success":"Комментарий успешно добавлен","com_edit_success":"Комментарий успешно отредактирован","com_del_success":"Выбранный комментарий успешно удален","com_load_success":"Комментарий успешно получен","com_del_empty":"Ничего не удалено","com_unauth":"Вы не авторизованы","com_vote_perm":"У вас нет доступа для голосования","com_vote_disabled":"Голосование для данной новости отключено","com_vote_success":"Голос успешно учтен","att_attach":"Закрепление","att_unattach":"Открепление","att_news":"новости","att_success":"Статус закрепления успешно изменен","new_success_del":"Новость успешно удалена","log_new_del":"Удаление новости","log_com_add":"Добавление комментария","log_com_edit":"Редактирование комментария","log_com_del":"Удаление комментария","log_com_vote":"Голосование за новость","profile_mod_name":"Профиль","skin_not_set":"Скин не установлен","log_delete_skin":"Удаление скина в профиле","skin_success_del":"Ваш скин успешно удален","cloak_not_set":"Плащ не установлен","log_delete_cloak":"Удаление плаща в профиле","cloak_success_del":"Ваш плащ успешно удален","log_edit_sk":"Изменение скина в профиле","skin_success_edit":"Ваш скин успешно изменен","log_edit_cl":"Изменение плаща в профиле","cloak_success_edit":"Ваш плащ успешно изменен","log_settings":"Изменение настроек пользователя","set_success_save":"Настройки успешно сохранены","e_valid_oldpass":"Неверно введен старый пароль","e_valid_repass":"Пароли не совпадают","auth_required":"Для доступа к профилю необходима авторизация","access_by_admin":"Доступ к профилю ограничен администрацией","skin_access_by_admin":"Удаление скина ограничено администрацией","cloak_access_by_admin":"Удаление плаща ограничено администрацией","skin_edit_by_admin":"Изменение скина ограничено администрацией","cloak_edit_by_admin":"Изменение плаща ограничено администрацией","set_save_by_admin":"Настройки профиля ограничены администрацией","f_info":"Информация","f_skin":"Образ","f_settings":"Настройки","f_name":"Имя","f_lname":"Фамилия","f_gender":"Пол","f_bday":"Дата рождения","f_gmoney":"Игровой баланс","f_rmoney":"Реальный баланс","delete_skin":"Удалить скин","delete_cloak":"Удалить плащ","drop_skin_here":"Перенесите сюда новый скин персонажа","drop_cloak_here":"Перенесите сюда новый плащ персонажа","f_oldpass":"Старый пароль","f_repass":"Повторите пароль","btn_save":"Сохранить","register_mod_name":"Регистрация","register_e_already":"Вы уже зарегистрированы","e_accept":"Вы успешно подтвердили регистрацию","e_perm":"Регистрация отключена для вашей группы пользователей","e_login_regexp":"Логин может состоять только из латинских букв, цифр и знаков -_","e_email_regexp":"Неверный формат E-Mail адреса","e_exist":"Запрещено использовать данный логин и/или E-Mail","e_pass_length":"Пароль должен быть не менее 6-ти символов","e_pass_match":"Пароли не совпадают","e_rules":"Для регистрации необходимо принять правила","e_reg_limit":"Вы уже регистрировались ранее","e_success":"Вы успешно зарегистрировались. Теперь вы можете войти под своим логином и паролем.","e_success_mail":"Письмо с подтверждением регистрации отправлено на E-Mail, указанный при регистрации","register_repass":"Повторите пароль","register_accept":"Я принимаю данные правила и обязуюсь их соблюдать","register_btn":"Зарегистрироваться","register_msg1":"Здравствуйте.","register_msg2":"Была совершена попытка регистрации на сайте","register_msg3":"Для подтверждения регистрации, перейдите по ссылке ниже","register_msg4":"Если это были не вы, то проигнорируйте данное сообщение.","register_msg5":"С уважением, администрация сайта","msg_title":"[Регистрация]","msg_ok":"ОК","log_reg":"Регистрация пользователя","restore_mod_name":"Восстановление пароля","invalid_email":"Не заполнено поле E-Mail","restore_success":"Инструкция по восстановлению пароля отправлена на указанный E-Mail","restore_limit":"Привышен максимально допустимый лимит на восстановление пароля","email_not_found":"Пользователь с указанным E-Mail адресом не найден","restore_success2":"Ваш пароль успешно изменен. Теперь вы можете войти","restore_perm":"Восстановление пароля ограничено администрацией","restore_email_title":"[Восстановление пароля]","restore_pass_length":"Пароль должен быть не менее 6-ти символов","newpass":"Новый пароль","btn_edit":"Изменить","btn_restore":"Восстановить","restore_msg1":"Здравствуйте.","restore_msg2":"Была совершена попытка восстановления пароля для сайта","restore_msg3":"Для продолжения, перейдите по ссылке ниже и введите новый пароль","restore_msg4":"Если это были не вы, то проигнорируйте данное сообщение.","restore_msg5":"С уважением, администрация сайта","search_mod_name":"Поиск","search_results":"Результаты поиска","empty_result":"Ничего не найдено","by_news":"По новостям","by_comments":"По комментариям","search_perm":"Поиск ограничен администрацией","access_denied":"Поиск по новостям ограничен администрацией","access_denied_com":"Поиск по комментариям ограничен администрацией","empty_query":"Не заданы критерии поиска","search_msg_res1":"По запросу","search_msg_res2":"найдено результатов","search_added":"Добавлено","by_user":"пользователем","statics_mod_name":"Статические страницы","go_home":"На главную","e_msg":"Ошибка!","e_sql_connect":"Ошибка соединения с базой","e_sql_charset":"Ошибка установки кодировки баз дынных","e_sql_critical":"Критическая ошибка баз данных. Обратитесь к администрации.","e_mail_send":"Ошибка отправки сообщения","e_critical":"Обратитесь к администрации","e_warn":"Обнаружена ошибка!","e_attention":"Внимание!","e_success":"Поздравляем!","e_403":"Доступ запрещен","e_404":"Страница не найдена","e_captcha":"Неверно введена каптча","e_hack":"Hacking Attempt!","e_install":"Необходима установка","e_module":"Модуль недоступен","403":"403","404":"404","e_mode_found":"Страница не найдена","e_mode_class":"Объект module не найден","e_mode_method":"Метод content в классе module не найден","e_advice_found":"Советов нет","target_blank":"Ссылка откроется в новой вкладке","loading":"Загрузка...","deb_name":"Отладка","deb_php_ver":"Версия PHP","deb_php_err":"Ошибки PHP","deb_plt":"Время загрузки страницы","deb_num_q":"Запросов к базе","deb_db_err":"Ошибки базы","deb_memory":"Использовано памяти","deb_script":"Адрес скрипта","deb_protocol":"Протокол","deb_method":"Метод","deb_os":"Операционная система","deb_kb":"кб","deb_sec":"сек.","skin_e_folder_perm":"Отсутствуют права на запись папки скинов","skin_e_intf_perm":"Отсутствуют права на запись папки скинов-интерфейсов","skin_e_size":"Привышен максимально допустимый размер файла","skin_e":"Ошибка загрузки скина!","skin_e_undefined":"Неизвестная ошибка","skin_e_temp":"Отсутствует временная папка","skin_e_perm":"Отсутствуют права на запись","skin_e_tempfile":"Отсутствует временный файл","skin_e_png":"Разрешено загружать только png","skin_e_format":"Вам недоступен данный формат","skin_e_save":"Ошибка сохранения скина","cloak_e_folder_perm":"Отсутствуют права на запись папки плащей","cloak_e_intf_perm":"Отсутствуют права на запись папки плащей-интерфейсов","cloak_e_size":"Привышен максимально допустимый размер файла","cloak_e":"Ошибка загрузки скина!","cloak_e_undefined":"Неизвестная ошибка","cloak_e_temp":"Отсутствует временная папка","cloak_e_perm":"Отсутствуют права на запись","cloak_e_tempfile":"Отсутствует временный файл","cloak_e_png":"Разрешено загружать только png","cloak_e_format":"Вам недоступен данный формат","cloak_e_save":"Ошибка сохранения плаща","u_group_def":"Гость","u_group_desc_def":"Группа неавторизованных пользователей","t_main":"Главная","t_403":"Доступ запрещен","t_404":"Страница не найдена","b_404":"Страница не найдена","b_403":"Доступ запрещен","login":"Логин","ip":"IP","email":"E-Mail","pass":"Пароль","group":"Группа","color":"Цвет","firstname":"Имя","lastname":"Фамилия","date_reg":"Дата регистрации","last_activity":"Последнее действие","gender":"Пол","gender_n":"Не задано","gender_m":"Мужской","gender_w":"Женский","birthday":"Дата рождения","money":"Игровой баланс","realmoney":"Реальный баланс","search_placeholder":"Введите запрос","load_client":"СКАЧАТЬ КЛИЕНТ","copy_pre":"Полное или частичное копирование сайта","copy_app":"запрещено.","yes":"Да","no":"Нет","save":"Сохранить","add":"Добавить","edit":"Редактировать","delete":"Удалить","insert":"Вставить","cancel":"Отмена","search":"Поиск","filemanager":"Файловый менеджер","filemanager_ph":"Выберите файлы или перенесите их сюда","bb_c_remove":"Удалить все теги","bb_c_strong":"Жирный","bb_c_italic":"Курсив","bb_c_strike":"Зачеркнутый","bb_c_underl":"Подчеркнутый","bb_c_left":"Выравнивание по левому краю","bb_c_center":"Выравнивание по центру","bb_c_right":"Выравнивание по правому краю","bb_c_font_size":"Размер шрифта [1-7]","bb_c_font":"Шрифт [Arial|Arial Black|Comic Sans MS|Courier New|Georgia|Impact|Tahoma|Times New Roman|Trebuchet MS|Verdana]","bb_c_color":"Цвет текста","bb_c_bgcolor":"Цвет фона","bb_c_reverse":"Текст в обратном порядке","bb_c_link":"Ссылка [URL]","bb_c_email":"E-Mail","bb_c_list":"Список [markers|numbers]","bb_c_line":"Горизонтальная линия","bb_c_code":"Код [php|html|css|javascript]","bb_c_quote":"Цитата [Логин | 00.00.00 - 00:00:00]","bb_c_spoiler":"Спойлер [Название]","bb_c_offtop":"Оффтоп","bb_c_img":"Изображение","bb_c_video":"Видео [youtube|vine|vk|vimeo|coub|twitch]","bb_c_smiles":"Смайлики","bb_c_indent":"Отступ","bb_insert_link":"Вставка ссылки","bb_insert_email":"Вставка E-Mail адреса","bb_insert_size":"Размер текста","bb_insert_font":"Шрифт","bb_insert_color":"Цвет текста","bb_ingert_bg":"Цвет фона","bb_insert_list":"Список","bb_insert_code":"Вставка кода","bb_insert_spoiler":"Вставка спойлера","bb_insert_img":"Вставка изображения","bb_insert_video":"Вставка видео","bb_v_youtube":"YouTube","bb_v_vine":"Vine","bb_v_vk":"ВКонтакте","bb_v_vimeo":"Vimeo","bb_v_coub":"Coub","bb_v_twitch":"Twitch","bb_ph_text":"Текст","bb_ph_url":"Ссылка","bb_ph_email":"E-Mail адрес","bb_ph_spoiler":"Название спойлера","bb_ph_img":"Ссылка на изображение","bb_ph_video":"Ссылка на видео","bb_list_mark":"Маркированный","bb_list_num":"Нумерованный","bb_spoiler":"Нумерованный","blocks":"Блоки","block_cfg_not_found":"Конфигурация блока не найдена","block_cfg_incorrect":"Конфигурация блока задана неверно","block_cfg_unsave":"Конфигурация не сохранена","block_edit":"Редактирование","block_edit_success":"Блок успешно изменен","block_edit_page_name":"Редактирование блока","block_new_version":"Есть новая версия -","block_download":"Скачать","block_not_check":"(Не удалось проверить версию)","block_last_version":"(У вас установлена последняя версия)","block_on":"Включен","block_off":"Выключен","block_on1":"Включены","block_off1":"Выключены","block_edit_btn":"Сохранить","block_field_name":"Название","block_field_pos":"Позиция","block_field_status":"Статус","block_field_author":"Автор","block_field_site":"Сайт","block_field_email":"E-Mail","block_field_ver":"Версия","block_field_upd":"Обновления","block_field_url":"Источник обновлений","block_field_action":"Действие","block_field_action2":"Действие с блоками","block_empty":"Нет доступных блоков","log_add_bi":"Добавление группы меню панели управления","log_del_bi":"Удаление иконок","log_edit_block":"Редактирование блока","log_block":"в ПУ","mod_name":"Панель управления","com_not_selected":"Не выбрано ни одного пункта","com_del_elements":"Удалено элементов: ","com_without_news":"Без новости","com_add":"Добавление","com_edit":"Редактирование","com_empty":"Не заполнено поле \'Комментарий\'","com_incorrect":"Не верно заполнено поле \'Комментарий\'","com_add_success":"Комментарий успешно добавлен","com_add_page_name":"Добавление комментария","com_add_btn":"Добавить","com_edit_success":"Комментарий успешно изменен","com_edit_page_name":"Редактирование комментария","com_edit_btn":"Сохранить","com_not_exist":"Нет доступных комментариев","com_col_comment":"Комментарий","com_col_news":"Новость","com_col_user":"Пользователь","com_action":"Действие с комментариями","com_accept":"Вы уверены, что хотите удалить выбранные комментарии","com_text":"Текст комментария","log_del_com":"Удаление комментариев","log_com":"в ПУ","log_add_com":"Добавление комментария","log_edit_com":"Редактирование комментария","action":"Действие","groups":"Группы пользователей","grp_not_selected":"Не выбрано ни одного пункта","grp_del_msg1":"Удалено элементов: ","grp_def_val":"Значение по умолчанию","grp_del_success":"Группа пользователей успешно добавлена","grp_add":"Добавление","grp_add_btn":"Добавить","grp_add_page_name":"Добавление группы","grp_edit":"Редактирование","grp_edit_success":"Группа пользователей успешно изменена","grp_edit_page_name":"Редактирование группы","grp_edit_btn":"Сохранить","grp_e_color_format":"Неверный формат цвета","grp_empty":"Нет доступных групп пользователей","grp_field_name":"Название","grp_field_desc":"Описание","grp_field_act":"Действие","grp_field_perm":"Привилегии","grp_action":"Действие с группами","grp_accept":"Удаление групп приведет к удалению всех входящих в них пользователей. Вы уверены, что хотите удалить выбранные элементы?","log_add_grp":"Добавление группы пользователей","log_del_grp":"Удаление групп пользователей","log_edit_grp":"Редактирование группы пользователей","log_grp":"в ПУ","info":"Информация","info_ext":"Дополнения","info_stats":"Статистика","info_and_stats":"Информация и статистика","info_news":"Новости","info_eng_ver":"Версия движка","info_eng_ver_now":"Текущая версия","info_eng_ver_last":"Последняя стабильная версия","info_eng_ver_git":"Версия на GitHub","info_eng_ver_dev":"Dev версия","info_news_stats":"Статистика новостей","info_count_news":"Новостей","info_count_views":"Просмотров","info_count_votes":"Голосов","info_count_cats":"Категорий","info_count_coms":"Комментариев","info_users_stats":"Статистика пользователей","info_count_users":"Всего пользователей","info_count_groups":"Всего групп","info_other":"Разное","info_count_statics":"Статических страниц","info_count_perms":"Привилегий","logs":"Лог действий","logs_views":"Просмотров","logs_user":"Пользователь","logs_date":"Дата","logs_action":"Действие","logs_empty":"Нет доступных логов","user_deleted":"Пользователь удален","menu":"Меню сайта","menu_top_lvl":"Верхний уровень","menu_not_selected":"Не выбрано ни одного пункта","menu_del_elements":"Удалено элементов: ","menu_add":"Добавление","menu_edit":"Редактирование","menu_edit_btn":"Сохранить","menu_add_btn":"Добавить","menu_perm_not_exist":"Привилегия не существует","menu_add_success":"Пункт меню успешно добавлен","menu_edit_success":"Пункт меню успешно изменен","menu_add_page_name":"Добавление меню","menu_edit_page_name":"Редактирование меню","menu_field_name":"Название","menu_field_link":"Ссылка","menu_field_style":"Стилевой класс","menu_field_pos":"Позиция","menu_field_parent":"Родитель","menu_field_action":"Действие","menu_field_action2":"Действие с меню","menu_field_target":"Открытие","menu_target_self":"В текущей вкладке","menu_target_blank":"В новой вкладке","menu_field_access":"Уровень доступа","menu_accept":"Удаление пунктов меню приведет к удалению всех входящих в них пунктов. Вы уверены, что хотите удалить выбранные элементы?","menu_empty":"Нет доступных пунктов меню","log_add_menu":"Добавление пунктов меню сайта","log_del_menu":"Удаление пунктов меню сайта","log_edit_menu":"Редактирование пунктов меню сайта","log_menu":"в ПУ","manucp":"Меню ПУ","mcp_not_selected":"Не выбрано ни одного пункта","mcp_del_elements":"Удалено элементов: ","mcp_add":"Добавление","mcp_edit":"Редактирование","mcp_perm_not_exist":"Привилегия не существует","mcp_add_success":"Пункт меню успешно добавлен","mcp_edit_success":"Пункт меню успешно изменен","mcp_add_page_name":"Добавление меню","mcp_edit_page_name":"Редактирование меню","mcp_edit_btn":"Сохранить","mcp_add_btn":"Добавить","mcp_top_lvl":"Верхний уровень","mcp_field_name":"Название","mcp_field_group":"Группа","mcp_field_link":"Ссылка","mcp_field_desc":"Описание","mcp_field_priority":"Приоритет","mcp_field_icon":"Иконка","mcp_field_action":"Действие","mcp_field_action2":"Действие с меню","mcp_field_target":"Открытие","mcp_target_self":"В текущей вкладке","mcp_target_blank":"В новой вкладке","mcp_field_access":"Уровень доступа","mcp_accept":"Вы уверены, что хотите удалить выбранные элементы?","mcp_empty":"Нет доступных пунктов меню","log_add_mcp":"Добавление пункта меню панели управления","log_del_mcp":"Удаление пунктов меню панели управления","log_edit_mcp":"Редактирование пункта меню в панели управления","log_mcp":"в ПУ","menugrp":"Группы меню ПУ","mgrp_not_selected":"Не выбрано ни одного пункта","mgrp_del_elements":"Удалено элементов: ","mgrp_add":"Добавление","mgrp_edit":"Редактирование","mgrp_perm_not_exist":"Привилегия не существует","mgrp_add_success":"Группа меню успешно добавлена","mgrp_edit_success":"Группа меню успешно изменена","mgrp_add_page_name":"Добавление группы","mgrp_edit_page_name":"Редактирование группы","mgrp_edit_btn":"Сохранить","mgrp_add_btn":"Добавить","mgrp_field_name":"Название","mgrp_field_desc":"Описание","mgrp_field_priority":"Приоритет","mgrp_field_access":"Уровень доступа","mgrp_field_perm":"Привилегии","mgrp_field_action":"Действие","mgrp_field_action2":"Действие с меню","mgrp_accept":"Удаление групп меню приведет к удалению всех входящих в них элементов меню. Вы уверены, что хотите удалить выбранные элементы?","mgrp_empty":"Нет доступных групп меню","log_add_mgrp":"Добавление группы меню панели управления","log_del_mgrp":"Удаление групп меню панели управления","log_edit_mgrp":"Редактирование группы меню панели управления","log_mgrp":"в ПУ","icons":"Иконки","mi_not_selected":"Не выбрано ни одного пункта","mi_del_elements":"Удалено элементов: ","mi_add":"Добавление","mi_edit":"Редактирование","mi_perm_not_exist":"Привилегия не существует","mi_add_success":"Иконка меню успешно добавлена","mi_edit_success":"Иконка меню успешно изменена","mi_add_page_name":"Добавление иконки","mi_edit_page_name":"Редактирование иконки","mi_edit_btn":"Сохранить","mi_add_btn":"Добавить","mi_field_name":"Название","mi_field_img":"Изображение","mi_field_action":"Действие","mi_field_action2":"Действие с иконками","mi_accept":"Вы уверены, что хотите удалить выбранные элементы?","mi_empty":"Нет доступных иконок","log_add_mi":"Добавление группы меню панели управления","log_del_mi":"Удаление иконок","log_edit_mi":"Редактирование иконки","log_mi":"в ПУ","modules":"Модули","mod_cfg_not_found":"Конфигурация модуля не найдена","mod_cfg_incorrect":"Конфигурация модуля задана неверно","mod_cfg_unsave":"Конфигурация не сохранена","mod_edit":"Редактирование","mod_edit_success":"Модуль успешно изменен","mod_edit_page_name":"Редактирование модуля","mod_new_version":"Есть новая версия -","mod_download":"Скачать","mod_not_check":"(Не удалось проверить версию)","mod_last_version":"(У вас установлена последняя версия)","mod_on":"Включен","mod_off":"Выключен","mod_on1":"Включены","mod_off1":"Выключены","mod_edit_btn":"Сохранить","mod_field_name":"Название","mod_field_status":"Статус","mod_field_author":"Автор","mod_field_site":"Сайт","mod_field_email":"E-Mail","mod_field_ver":"Версия","mod_field_upd":"Обновления","mod_field_url":"Источник обновлений","mod_field_action":"Действие","mod_field_action2":"Действие с модулями","mod_empty":"Нет доступных модулей","log_add_mi":"Добавление группы меню панели управления","log_del_mi":"Удаление иконок","log_edit_mod":"Редактирование модуля","log_mod":"в ПУ","monitoring":"Мониторинг серверов","mon_not_selected":"Не выбрано ни одного пункта","mon_del_elements":"Удалено элементов: ","mon_add":"Добавление","mon_edit":"Редактирование","mon_perm_not_exist":"Привилегия не существует","mon_add_success":"Сервер успешно добавлен","mon_edit_success":"Сервер успешно изменен","mon_add_page_name":"Добавление сервера","mon_edit_page_name":"Редактирование сервера","mon_edit_btn":"Сохранить","mon_add_btn":"Добавить","mon_field_name":"Название","mon_field_desc":"Описание","mon_field_ip":"IP адрес","mon_field_port":"Порт","mon_field_addr":"Адрес","mon_field_type":"Тип","mon_field_error":"Последняя ошибка","mon_field_cache":"Время кэша (сек.)","mon_field_action":"Действие","mon_field_action2":"Действие с серверами","mon_accept":"Вы уверены, что хотите удалить выбранные элементы?","mon_empty":"Нет доступных серверов в мониторинге","log_add_mon":"Добавление сервера в мониторинг","log_del_mon":"Удаление серверов из мониторинга","log_edit_mon":"Редактирование сервера в мониторинг","log_mon":"в ПУ","news":"Новости","news_not_selected":"Не выбрано ни одного пункта","news_del_elements":"Удалено элементов: ","news_add":"Добавление","news_edit":"Редактирование","news_add_success":"Новость успешно добавлена","news_add_time_error":"Время указано неправильно.","news_edit_success":"Новость успешно изменена","news_add_page_name":"Добавление новости","news_edit_page_name":"Редактирование новости","news_prew_page_name":"Предварительный просмотр","news_edit_btn":"Сохранить","news_add_btn":"Добавить","news_wo_cats":"Без категории","news_e_desc":"Не заполнено поле \'Полное описание\'","news_e_cat_not_exist":"Категория не существует","news_e_sdesc":"Не заполнено поле \'Краткое описание\'","news_title_is_null":"Заголовок новости пуст! Введите, пожалуйста, заголовок.","news_field_name":"Название","news_field_cat":"Категория","news_field_date":"Запланировать новость","news_date_publish":"Опубликовать","news_date_in":"в","news_field_text":"Текст новости","news_field_text_desc":"Для разделения страницы до кнопки \'Читать далее\', используйте тег {READMORE}","news_field_hidden":"Скрыть новость","news_field_vote":"Включить голосования","news_field_com":"Включить комметарии","news_field_attach":"Закрепить","news_preview":"Предпросмотр","news_field_cdate":"Дата создания","news_field_tdate":"Время создания","news_go_home":"На главную","news_field_views":"Просмотров","news_field_action":"Действие","news_field_action2":"Действие с новостями","news_accept":"Вы уверены, что хотите удалить выбранные элементы?","news_empty":"Нет доступных новостей","log_add_news":"Добавление новости","log_del_news":"Удаление новостей","log_edit_news":"Редактирование новости","log_news":"в ПУ","categories":"Категории новостей","cn_not_selected":"Не выбрано ни одного пункта","cn_del_elements":"Удалено элементов: ","cn_del_elements4":"Выбранные элементы успешно удалены","cn_del_elements5":"голосов -","cn_add":"Добавление","cn_edit":"Редактирование","cn_add_success":"Категория успешно добавлена","cn_edit_success":"Категория успешно изменена","cn_add_page_name":"Добавление категории","cn_edit_page_name":"Редактирование категории","cn_edit_btn":"Сохранить","cn_add_btn":"Добавить","cn_field_name":"Название","cn_field_desc":"Описание","cn_field_action":"Действие","cn_field_action2":"Действие с категориями","cn_accept":"Удаление категорий приведет к удалению всех новостей в выбранных категориях. Вы уверены, что хотите удалить выбранные элементы?","cn_empty":"Нет доступных категорий","log_add_cn":"Добавление категории новостей","log_del_cn":"Удаление категорий новостей","log_edit_cn":"Редактирование категории новостей","log_cn":"в ПУ","views":"Просмотры","nv_not_selected":"Не выбрано ни одного пункта","nv_news_deleted":"Новость удалена","nv_del_elements":"Удалено элементов: ","nv_field_news":"Новость","nv_field_user":"Пользователь","nv_field_date":"Дата","nv_field_action":"Действие","nv_field_action2":"Действие с просмотрами","nv_accept":"Вы уверены, что хотите удалить выбранные элементы?","nv_empty":"Нет доступных просмотров","log_del_nv":"Удаление просмотров","log_nv":"в ПУ","votes":"Голоса","nvt_not_selected":"Не выбрано ни одного пункта","nvt_news_deleted":"Новость удалена","nvt_del_elements":"Удалено элементов: ","nvt_field_news":"Новость","nvt_field_user":"Пользователь","nvt_field_value":"Значение","nvt_field_date":"Дата","nvt_field_action":"Действие","nvt_field_action2":"Действие с голосами","nvt_accept":"Вы уверены, что хотите удалить выбранные элементы?","nvt_empty":"Нет доступных голосов","log_del_nvt":"Удаление голосов","log_nvt":"в ПУ","empty_panel_menu_group":"Нет доступного меню","empty_panel_menu_list":"Нет доступных пунктов меню","patches":"Патчи интеграции","name":"Название патча","warning":"Перед установкой патча совместимости, произведите установку выбранной системы и сделайте бекап файлов и базы данных. После установки патча, все пользователи будут удалены из WebMCR Reloaded и будет создан новый администратор с ником и паролем администратора в установленной системе.","install":"Установить","e_patch_exist":"Патч не найден","e_save_config":"Ошибка сохранения файла конфигурации","e_patch_install":"Ошибка установки патча","log_save_patch":"Изменение патча CMS на ","success_save":"Патч был успешно примерен","permissions":"Привилегии","perm_not_selected":"Не выбрано ни одного пункта","perm_del_elements":"Удалено элементов: ","perm_add":"Добавление","perm_edit":"Редактирование","perm_add_success":"Привилегия успешно добавлена","perm_edit_success":"Привилегия успешно изменена","perm_add_page_name":"Добавление привилегии","perm_edit_page_name":"Редактирование привилегии","perm_edit_btn":"Сохранить","perm_add_btn":"Добавить","perm_change_system":"Запрещено менять тип и значение системных привилегий","perm_def_value":"Значение по умолчанию","perm_boolean":"Булевое значение","perm_integer":"Целое число","perm_float":"Число с плавающей точкой","perm_string":"Строка","perm_system":"Системный элемент","perm_field_name":"Название","perm_field_desc":"Описание","perm_field_value":"Значение","perm_field_type":"Тип","perm_field_default":"По умолчанию","perm_field_action":"Действие","perm_field_action2":"Действие с привилегиями","perm_accept":"Удаление привилегий может повлиять на работу некоторых модулей. Вы уверены, что хотите удалить выбранные элементы?","perm_empty":"Нет доступных привилегий","log_add_perm":"Добавление привилегии","log_del_perm":"Удаление привилегий групп","log_edit_perm":"Редактирование привилегии","log_perm":"в ПУ","settings":"Настройки","set_theme_incorrect":"Шаблон указан некорректно","set_captcha_incorrect":"Капча указана некорректно","set_e_cfg_save":"Не удалось сохранить файл конфигурации","set_save_success":"Настройки успешно сохранены","set_e_hash":"Неверная хэш-сумма полей","set_main":"Основные","set_pagin":"Постраничная навигация","set_mail":"Почта","set_search":"Поиск","set_func":"Функции","set_base":"База","set_base_host":"Адрес сервера","set_base_host_ph":"Адрес сервера баз данных","set_base_port":"Порт","set_base_port_ph":"Порт сервера","set_base_base":"Имя базы","set_base_base_ph":"Имя базы данных","set_base_user":"Пользователь","set_base_user_ph":"Пользователь баз данных","set_base_pass":"Пароль","set_base_pass_ph":"Пароль пользователя баз данных","set_base_type":"Тип","set_base_type_mysql":"MySQL","set_base_type_mysqli":"MySQLi (Рекомендуется)","set_base_type_pdo":"PDO (Не поддерживается)","set_func_advice":"Выводить советы","set_funt_bc":"Выводить хлебные крошки","set_funt_close":"Технические работы","set_funt_close_time":"Время до конца тех. работ","set_funt_reglimit":"Максимальное кол-во регистраций с одного IP","set_mail_from":"От кого","set_mail_from_ph":"От кого было отправлено сообщение","set_mail_from_name":"Имя отправителя","set_mail_from_name_ph":"Имя отправителя","set_mail_reply":"E-Mail ответа","set_mail_reply_ph":"E-Mail отправителя","set_mail_reply_name":"Имя отправителя ответа","set_mail_reply_name_ph":"Имя отправителя ответа","set_mail_smtp":"Настройки SMTP","set_mail_smtp_use":"Использовать SMTP","set_mail_smtp_host":"SMTP сервер","set_mail_smtp_host_ph":"Адрес SMTP сервера","set_mail_smtp_user":"Имя пользователя","set_mail_smtp_user_ph":"Имя пользователя SMTP сервера","set_mail_smtp_pass":"Пароль","set_mail_smtp_pass_ph":"Пароль пользователя SMTP сервера","set_mail_smtp_tls":"Использовать TLS","set_main_sitename":"Название сайта","set_main_sitedesc":"Описание сайта","set_main_sitekeys":"Ключевые слова","set_main_start":"Начальная страница","set_main_client":"Ссылка на страницу с клиентом игры","set_main_theme":"Шаблон","set_main_log":"Лог ошибок","set_main_debug":"Отладка","set_main_montype":"Тип мониторинга","set_main_reg":"Подтверждение регистрации","set_main_captcha":"Капча","set_main_key_public":"Публичный ключ","set_main_key_private":"Приватный ключ","set_main_sockets":"Через сокеты","set_main_mtapi":"Через API MineTools","set_pagin_user_sect":"Пользовательская часть","set_pagin_arrows":"Кол-во стрелок","set_pagin_arrows_ph":"Кол-во стрелок с каждой стороны","set_pagin_news":"Новости","set_pagin_news_ph":"Кол-во новостей на одну страницу","set_pagin_comments":"Комментарии","set_pagin_comments_ph":"Кол-во комментариев на одну страницу","set_pagin_search_n":"Поиск по новостям","set_pagin_search_n_ph":"Кол-во новостей на одну страницу в поиске","set_pagin_search_c":"Поиск по комментариям","set_pagin_search_c_ph":"Кол-во комментариев на одну страницу в поиске","set_pagin_cp_sect":"Панель управления","set_pagin_cp_news":"Новости","set_pagin_cp_news_ph":"Кол-во новостей в ПУ","set_pagin_cp_coms":"Комментарии","set_pagin_cp_coms_ph":"Кол-во комментариев в ПУ","set_pagin_cp_cats":"Категории новостей","set_pagin_cp_cats_ph":"Кол-во категорий новостей в ПУ","set_pagin_cp_views":"Просмотров новости","set_pagin_cp_views_ph":"Кол-во просмотров новостей в ПУ","set_pagin_cp_votes":"Голосов новости","set_pagin_cp_votes_ph":"Кол-во голосов новостей в ПУ","set_pagin_cp_menu":"Пунктов меню","set_pagin_cp_menu_ph":"Кол-во пунктов меню сайта в ПУ","set_pagin_cp_menu_cp":"Пункты меню ПУ","set_pagin_cp_menu_cp_ph":"Кол-во пункты меню ПУ в ПУ","set_pagin_cp_mgroups":"Группы меню","set_pagin_cp_mgroups_ph":"Кол-во групп меню в ПУ","set_pagin_cp_icons":"Иконки меню","set_pagin_cp_icons_ph":"Кол-во иконок меню в ПУ","set_pagin_cp_users":"Пользователи","set_pagin_cp_users_ph":"Кол-во пользователей в ПУ","set_pagin_cp_mon":"Мониторинг","set_pagin_cp_mon_ph":"Кол-во серверов в мониторинге в ПУ","set_pagin_cp_groups":"Группы пользователей","set_pagin_cp_groups_ph":"Кол-во групп пользователей в ПУ","set_pagin_cp_prems":"Привилегии","set_pagin_cp_prems_ph":"Кол-во привилегий в ПУ","set_pagin_cp_stc":"Статические страницы","set_pagin_cp_stc_ph":"Кол-во статических страниц в ПУ","set_pagin_cp_logs":"Логи","set_pagin_cp_logs_ph":"Кол-во логов в ПУ","set_srch_name":"Название","set_srch_lvl":"Уровень доступа","log_set_main_save":"Редактирование основных настроек в ПУ","log_set_pagin_save":"Редактирование настроек постраничной навигации в ПУ","log_set_mail_save":"Редактирование настроек почты в ПУ","log_set_search_save":"Редактирование настроек поиска в ПУ","log_set_func_save":"Редактирование настроек функций в ПУ","log_set_base_save":"Редактирование настроек базы в ПУ","statics":"Статические страницы","stc_perm_not_exist":"ОТСУТСТВУЕТ","stc_not_selected":"Не выбрано ни одного пункта","stc_del_elements":"Удалено элементов: ","stc_add":"Добавление","stc_edit":"Редактирование","stc_add_success":"Статическая страница успешно добавлена","stc_edit_success":"Статическая страница успешно изменена","stc_add_page_name":"Добавление статической страницы","stc_edit_page_name":"Редактирование статической страницы","stc_edit_btn":"Сохранить","stc_add_btn":"Добавить","stc_e_text_empty":"Не заполнено поле \'Текст страницы\'","stc_e_text_incorrect":"Не верно заполнено поле \'Текст страницы\'","stc_field_name":"Название","stc_field_uniq":"Идентификатор","stc_field_access":"Уровень доступа","stc_field_text":"Текст страницы","stc_field_preview":"Предпросмотр","stc_field_perm":"Привилегии","stc_field_action":"Действие","stc_field_action2":"Действие со страницами","stc_accept":"Вы уверены, что хотите удалить выбранные элементы?","stc_empty":"Нет доступных статических страниц","stc_preview":"Предварительный просмотр","stc_go_home":"На главную","log_add_stc":"Добавление статической страницы","log_del_stc":"Удаление статических страниц","log_edit_stc":"Редактирование статической страницы","log_stc":"в ПУ","users":"Пользователи","user_ban":"забанены","user_unban":"разбанены","user_not_selected":"Не выбрано ни одного пункта","user_del_elements":"Удалено элементов: ","user_add":"Добавление","user_edit":"Редактирование","user_add_success":"Пользователь успешно добавлен","user_edit_success":"Пользователь успешно изменен","user_add_page_name":"Добавление пользователя","user_edit_page_name":"Редактирование пользователя","user_edit_btn":"Сохранить","user_add_btn":"Добавить","user_e_color_format":"Неверный формат цвета","user_success":"Выбранные пользователи успешно","user_not_found":"Пользователи не найдены","user_e_incorrect_fname":"Имя может состоять только из букв","user_e_incorrect_lname":"Фамилия может состоять только из букв","user_e_incorrect_bday":"Неверный формат даты рождения","user_group_not_found":"Группа не существует","user_e_reg_pass_length":"Пароль должен быть не менее 6-ти символов","user_e_skin_name":"Не удалось изменить название скина","user_e_cloak_name":"Не удалось изменить название плаща","user_field_action":"Действие","user_field_action2":"Действие с пользователями","user_accept":"Удаление пользователей приведет к удалению всей информации о них. Вы уверены, что хотите удалить выбранные элементы?","user_accept2":"Вы действительно хотите забанить выбранных пользователей на сервере?","user_accept3":"Вы действительно хотите разбанить выбранных пользователей на сервере?","user_empty":"Нет доступных пользователей","log_add_user":"Добавление нового пользователя","log_del_user":"Удаление пользователей","log_ban_user":"Изменение статуса бана пользователей","log_edit_user":"Редактирование пользователя","log_user":"в ПУ","developer":"Разработчик","monitoring":"Мониторинг серверов","empty":"Нет доступных серверов","offline":"Оффлайн","alert":"Оповещение","online_block_name":"Онлайн","online_empty":"Нет зарегистрированных пользователей","online_loading":"Загрузка статистики...","online_now":"Сейчас на сайте","count_all":"Всего","online_users":"Из них пользователей","online_guests":"гостей","miniprofile":"Мини-профиль","login_or_email":"Логин или E-Mail","balance":"Баланс","profile":"Профиль","logout":"Выход","cur_game":"майн.","cur_real":"руб.","remember":"Запомнить","restore":"Восстановление пароля","register":"Регистрация"}');
#line
INSERT INTO `mcr_l10n_phrases` (`id`, `language_id`, `phrase_key`, `phrase_value`) VALUES
  (1, 1, 'mod_name_admin', 'Панель управления'),
  (2, 1, 'mod_name_ajax', 'Ajax'),
  (3, 1, 'class_not_found', 'Объект \'submodule\' не найден'),
  (4, 1, 'method_not_found', 'Метод \'content\' не найден'),
  (5, 1, 'e_method', 'Неверный метод шифрования паролей'),
  (6, 1, 'ams_mod_not_selected', 'Не выбрано ни одного модуля'),
  (7, 1, 'ams_block_not_selected', 'Не выбрано ни одного блока'),
  (8, 1, 'fm', 'Файловый менеджер'),
  (9, 1, 'fm_file_not_found', 'Нет доступных файлов'),
  (10, 1, 'fm_success_load', 'Файлы успешно получены'),
  (11, 1, 'fm_success_upload', 'Файлы успешно получены'),
  (12, 1, 'fm_success_del', 'Файл успешно удален'),
  (13, 1, 'fm_success_edit', 'Файл успешно изменен'),
  (14, 1, 'fm_not_selected', 'Не выбрано ни одного файла'),
  (15, 1, 'fm_e_size_limit', 'Превышен лимит по объему'),
  (16, 1, 'fm_e_load', 'Ошибка загрузки файла'),
  (17, 1, 'fm_e_temp_file', 'Отсутствует временный файл'),
  (18, 1, 'fm_e_perm', 'Отсутствуют права на запись'),
  (19, 1, 'fm_e_unknow', 'Неизвестная ошибка'),
  (20, 1, 'fm_e_not_loaded', 'Файл не был загружен на сервер'),
  (21, 1, 'fm_e_no_one', 'Ни один файл не был загружен.'),
  (22, 1, 'fm_e_not_found', 'Файл не найден'),
  (23, 1, 'fm_e_not_deleted', 'Ничего не удалено'),
  (24, 1, 'fm_e_uniq', 'Не заполнено поле идентификатора'),
  (25, 1, 'fm_e_uniq_exist', 'Идентификатор уже занят'),
  (26, 1, 'mon_empty', 'Нет доступных серверов в мониторинге'),
  (27, 1, 'mon_srv_offline', 'Сервер оффлайн'),
  (28, 1, 'mon_srv_success', 'Серверы успешно получены'),
  (29, 1, 'log_change_ams', 'Изменение статусов модулей'),
  (30, 1, 'log_change_abs', 'Изменение статусов блоков'),
  (31, 1, 'auth_mod_name', 'Авторизация'),
  (32, 1, 'auth_already', 'Вы уже авторизованны'),
  (33, 1, 'wrong_pass', 'Неверный логин или пароль'),
  (34, 1, 'auth_success', 'Вы успешно авторизовались'),
  (35, 1, 'auth_access', 'Вам запрещена авторизация'),
  (36, 1, 'log_auth', 'Авторизация пользователя на сайте'),
  (37, 1, 'close_mod_name', 'Технические работы'),
  (38, 1, 'enter', 'Войти'),
  (39, 1, 'auth', 'Авторизация'),
  (40, 1, 'remember_me', 'Запомнить меня'),
  (41, 1, 'close_desc', 'На сайте ведутся технические работы. Вход только для администрации.'),
  (42, 1, 'close_time_for1', 'Доступ на сайт закрыт на неопределенный срок'),
  (43, 1, 'close_time_for2', 'Доступ на сайт закрыт до'),
  (44, 1, 'file_mod_name', 'Файловый загрузчик'),
  (45, 1, 'install_mod_name', 'Установка'),
  (46, 1, 'step_1', 'Шаг #1'),
  (47, 1, 'step_2', 'Шаг #2'),
  (48, 1, 'step_3', 'Шаг #3'),
  (49, 1, 'settings', 'Настройки'),
  (50, 1, 'finish', 'Завершение установки'),
  (51, 1, 'db_settings', 'Настройки базы'),
  (52, 1, 'site_settings', 'Настройки сайта'),
  (53, 1, 'on', 'Вкл.'),
  (54, 1, 'off', 'Выкл.'),
  (55, 1, 'update', 'Обновить'),
  (56, 1, 'warning', 'Перед установкой патча совместимости, произведите установку выбранной системы и сделайте бекап файлов и базы данных. После установки патча, все пользователи будут удалены из WebMCR Reloaded и будет создан новый администратор с ником и паролем администратора в установленной системе.'),
  (57, 1, 'e_sql', 'SQL Error #'),
  (58, 1, 'copy_pre', 'Полное или частичное копирование сайта'),
  (59, 1, 'copy_app', 'запрещено.'),
  (60, 1, 'install_prepare', 'Подготовка к установке'),
  (61, 1, 'isn_p_msg1', 'Вас приветствует мастер установки системы WebMCR'),
  (62, 1, 'isn_p_msg2', 'Для продолжения вам необходимо сверить результаты проверки. Если есть строки, помеченные красным, вам необходимо настроить сервер так, чтобы значение соответствовало системным требованиям'),
  (63, 1, 'isn_p_msg3', 'Необходимы права на чтение и запись на саму папку и входящие в нее файлы и папки'),
  (64, 1, 'read_write', 'Чтение и запись'),
  (65, 1, 'next', 'Далее »'),
  (66, 1, 'gd_exist', 'Наличие библиотеки GD'),
  (67, 1, 'mysql_support', 'Поддержка MySQL или MySQLi'),
  (68, 1, 'buffer_write', 'Буферизация вывода'),
  (69, 1, 'access_files', 'Доступ к файлам и папкам'),
  (70, 1, 's1_desc1', 'Теперь вам необходимо указать настройки базы данных к которой будет подключаться WebMCR.'),
  (71, 1, 's1_desc2', 'Внимание! Убедитесь, что версия базы данных соответствует версии PHP. Рекомендуется использовать MySQLi.'),
  (72, 1, 's1_desc3', 'Если база данных находится на внешнем сервере, убедитесь, что с данного сервера она доступна для подключения и проверьте правильность вводимых данных.'),
  (73, 1, 'sr_desc1', 'Внимание! Переустановка приведет к удалению всех, установленных ранее, таблиц с префиксом mcr_. Вы уверены, что хотите выполнить переустановку?'),
  (74, 1, 's2_desc1', 'Введите данны для главного пользователя - администратора проекта и выберите шифрование пароля'),
  (75, 1, 's3_desc1', 'Заполните информацию о вашем сайте'),
  (76, 1, 'info', 'Информация'),
  (77, 1, 'install_progress', 'Ход установки'),
  (78, 1, 'general', 'Основные'),
  (79, 1, 'site_name', 'Название сайта'),
  (80, 1, 'site_desc', 'Описание сайта'),
  (81, 1, 'site_keys', 'Ключевые слова'),
  (82, 1, 'mail', 'Почта'),
  (83, 1, 'mail_from', 'От кого (E-Mail)'),
  (84, 1, 'mail_from_desc', 'С какого почтового ящика было отправлено сообщение'),
  (85, 1, 'mail_from_name', 'От кого (Имя)'),
  (86, 1, 'mail_from_name_desc', 'От чьего имени было отправлено сообщение'),
  (87, 1, 'mail_reply', 'E-Mail ответа'),
  (88, 1, 'mail_reply_name', 'Имя E-Mail ответа'),
  (89, 1, 'smtp_use', 'Использовать SMTP'),
  (90, 1, 'smtp_host', 'Адрес SMTP сервера'),
  (91, 1, 'smtp_user', 'SMTP пользователь'),
  (92, 1, 'smtp_pass', 'SMTP пароль'),
  (93, 1, 'smtp_tls', 'Использовать TLS'),
  (94, 1, 'reinstall', 'Переустановка'),
  (95, 1, 'type', 'Тип'),
  (96, 1, 'recommended', 'Рекомендуется'),
  (97, 1, 'db_host', 'Адрес хоста'),
  (98, 1, 'db_port', 'Порт'),
  (99, 1, 'db_name', 'Имя базы данных'),
  (100, 1, 'db_user', 'Имя пользователя'),
  (101, 1, 'db_pass', 'Пароль пользователя'),
  (102, 1, 'adm_login', 'Логин администратора'),
  (103, 1, 'adm_pass', 'Пароль администратора'),
  (104, 1, 'adm_repass', 'Повторите пароль'),
  (105, 1, 'adm_mail', 'E-Mail администратора'),
  (106, 1, 'encrypt_method', 'Метод шифрования паролей'),
  (107, 1, 'congrats', 'Поздравляем!'),
  (108, 1, 'fs_msg1', 'Вы успешно установили WebMCR'),
  (109, 1, 'fs_msg2', 'Обязательно удалите папку install из главного каталога WebMCR'),
  (110, 1, 'fs_msg3', 'WebMCR - это некоммерческий проект с открытым исходным кодом. Вся разработка идет на энтузиазме, а ваши пожертвования дают нам повод для развития своих идей и продолжения разработки.'),
  (111, 1, 'fs_msg4', 'Мы рады любым суммам.'),
  (112, 1, 'fs_msg5', 'Спасибо!'),
  (113, 1, 'go_cp', 'В панель управления'),
  (114, 1, 'useful_links', 'Полезные ссылки'),
  (115, 1, 'official_site', 'Официальный сайт'),
  (116, 1, 'documentation', 'Документация'),
  (117, 1, 'extensions', 'Дополнения'),
  (118, 1, 'vk_page', 'Страница VK'),
  (119, 1, 'dev_user', 'Разработчик новых версий'),
  (120, 1, 'author_user', 'Автор WebMCR & Разработчик предыдущих версий'),
  (121, 1, 'theme_user', 'Автор изначального шаблона'),
  (122, 1, 'donate', 'Пожертвования'),
  (123, 1, 'e_php_version', 'Версия PHP не соответствует системным требованиям'),
  (124, 1, 'e_register_globals', 'Функция Register Globals не соответствует системным требованиям'),
  (125, 1, 'e_fopen', 'Функция allow_url_fopen() не соответствует системным требованиям'),
  (126, 1, 'e_gd', 'Библиотека GD не найдена'),
  (127, 1, 'e_mysql_not_found', 'MySQL не найдена'),
  (128, 1, 'e_buffer', 'Функции буферизации данных недоступны'),
  (129, 1, 'e_perm_configs', 'Отсутствуют права на чтение и/или запись папки configs и/или ее содержимого'),
  (130, 1, 'e_perm_modules', 'Отсутствуют права на чтение и/или запись папки configs/modules и/или ее содержимого'),
  (131, 1, 'e_perm_cache', 'Отсутствуют права на чтение или запись папки cache'),
  (132, 1, 'e_perm_uploads', 'Отсутствуют права на чтение или запись папки uploads'),
  (133, 1, 'e_perm_cloaks', 'Отсутствуют права на чтение или запись папки uploads/cloaks/'),
  (134, 1, 'e_perm_icons', 'Отсутствуют права на чтение или запись папки uploads/panel-icons/'),
  (135, 1, 'e_perm_skins', 'Отсутствуют права на чтение или запись папки скинов'),
  (136, 1, 'e_perm_intf', 'Отсутствуют права на чтение или запись папки скинов-интерфейсов'),
  (137, 1, 'e_perm_smiles', 'Отсутствуют права на чтение или запись папки uploads/smiles/'),
  (138, 1, 'e_settings', 'Настройки не могут быть сохранены'),
  (139, 1, 'e_write', 'Файл недоступен для записи'),
  (140, 1, 'e_connection', 'Невозможно соединиться с базой данных. Проверьте ее доступность для подключения правильность вводимых данных.'),
  (141, 1, 'e_set_base', 'Неверно указаны данные для подключения к базе'),
  (142, 1, 'e_login_format', 'Логин может состоять только из символов a-zA-Z0-9_- и быть не менее 3-х символов'),
  (143, 1, 'e_pass_len', 'Пароль должен быть не менее 6-ти символов'),
  (144, 1, 'e_pass_match', 'Пароли не совпадают'),
  (145, 1, 'e_email_format', 'Неверный формат E-Mail адреса'),
  (146, 1, 'e_add_admin', 'Произошла ошибка добавления администратора'),
  (147, 1, 'e_add_economy', 'Произошла ошибка добавления поля экономики'),
  (148, 1, 'e_upd_group', 'Произошла ошибка обновления групп пользователей'),
  (149, 1, 'logout_mod_name', 'Авторизация'),
  (150, 1, 'e_not_auth', 'Вы не авторизованы'),
  (151, 1, 'logout_success', 'Вы успешно покинули свой аккаунт'),
  (152, 1, 'log_logout', 'Выход пользователя с сайта'),
  (153, 1, 'news_mod_name', 'Новости'),
  (154, 1, 'attach', 'Закрепить'),
  (155, 1, 'unattach', 'Открепить'),
  (156, 1, 'attached', 'Закреплено'),
  (157, 1, 'news_access_denied', 'У вас нет доступа для просмотра новостей'),
  (158, 1, 'news_access_denied_com', 'У вас нет доступа, чтобы просматривать комментарии'),
  (159, 1, 'not_found', 'Не найдено'),
  (160, 1, 'no_news_avail', 'Нет доступных новостей'),
  (161, 1, 'date_create', 'Дата создания'),
  (162, 1, 'time_create', 'Время создания'),
  (163, 1, 'views', 'Просмотры'),
  (164, 1, 'readmore', 'Читать далее...'),
  (165, 1, 'category', 'Категория'),
  (166, 1, 'go_home', 'На главную'),
  (167, 1, 'comments', 'Комментариев'),
  (168, 1, 'comments1', 'Комментарии'),
  (169, 1, 'com_edit', 'Редактирование'),
  (170, 1, 'com_delete', 'Удалить'),
  (171, 1, 'no_com_avail', 'Нет доступных комментариев'),
  (172, 1, 'send_by_user', 'Отправлено пользователем'),
  (173, 1, 'add_comment', 'Добавление комментария'),
  (174, 1, 'message', 'Сообщение'),
  (175, 1, 'disabled_by_admin', 'Комментарии в данной новости были отключены администрацией'),
  (176, 1, 'com_quote', 'Цитировать'),
  (177, 1, 'news', 'Новости'),
  (178, 1, 'news_not_found', 'Новость не найдена'),
  (179, 1, 'com_perm_add', 'У вас нет доступа для добавления комментариев'),
  (180, 1, 'com_perm_edit', 'У вас нет доступа для изменения комментариев'),
  (181, 1, 'com_perm_del', 'У вас нет прав на удаление комментариев'),
  (182, 1, 'com_disabled', 'Комментарии отключены для данной новости'),
  (183, 1, 'com_msg_empty', 'Не заполнено поле \'Сообщение\''),
  (184, 1, 'com_wait', 'Для повторного добавления комментария необходимо подождать'),
  (185, 1, 'com_wait1', 'сек.'),
  (186, 1, 'com_msg_incorrect', 'Не верно заполнено поле сообщения'),
  (187, 1, 'com_add_success', 'Комментарий успешно добавлен'),
  (188, 1, 'com_edit_success', 'Комментарий успешно изменен'),
  (189, 1, 'com_del_success', 'Выбранный комментарий успешно удален'),
  (190, 1, 'com_load_success', 'Комментарий успешно получен'),
  (191, 1, 'com_del_empty', 'Ничего не удалено'),
  (192, 1, 'com_unauth', 'Вы не авторизованы'),
  (193, 1, 'com_vote_perm', 'У вас нет доступа для голосования'),
  (194, 1, 'com_vote_disabled', 'Голосование для данной новости отключено'),
  (195, 1, 'com_vote_success', 'Голос успешно учтен'),
  (196, 1, 'att_attach', 'Закрепление'),
  (197, 1, 'att_unattach', 'Открепление'),
  (198, 1, 'att_news', 'новости'),
  (199, 1, 'att_success', 'Статус закрепления успешно изменен'),
  (200, 1, 'new_success_del', 'Новость успешно удалена'),
  (201, 1, 'log_new_del', 'Удаление новости'),
  (202, 1, 'log_com_add', 'Добавление комментария'),
  (203, 1, 'log_com_edit', 'Редактирование комментария'),
  (204, 1, 'log_com_del', 'Удаление комментария'),
  (205, 1, 'log_com_vote', 'Голосование за новость'),
  (206, 1, 'profile_mod_name', 'Профиль'),
  (207, 1, 'skin_not_set', 'Скин не установлен'),
  (208, 1, 'log_delete_skin', 'Удаление скина в профиле'),
  (209, 1, 'skin_success_del', 'Ваш скин успешно удален'),
  (210, 1, 'cloak_not_set', 'Плащ не установлен'),
  (211, 1, 'log_delete_cloak', 'Удаление плаща в профиле'),
  (212, 1, 'cloak_success_del', 'Ваш плащ успешно удален'),
  (213, 1, 'log_edit_sk', 'Изменение скина в профиле'),
  (214, 1, 'skin_success_edit', 'Ваш скин успешно изменен'),
  (215, 1, 'log_edit_cl', 'Изменение плаща в профиле'),
  (216, 1, 'cloak_success_edit', 'Ваш плащ успешно изменен'),
  (217, 1, 'log_settings', 'Изменение настроек пользователя'),
  (218, 1, 'set_success_save', 'Настройки успешно сохранены'),
  (219, 1, 'e_valid_oldpass', 'Неверно введен старый пароль'),
  (220, 1, 'e_valid_repass', 'Пароли не совпадают'),
  (221, 1, 'auth_required', 'Для доступа к профилю необходима авторизация'),
  (222, 1, 'access_by_admin', 'Доступ к профилю ограничен администрацией'),
  (223, 1, 'skin_access_by_admin', 'Удаление скина ограничено администрацией'),
  (224, 1, 'cloak_access_by_admin', 'Удаление плаща ограничено администрацией'),
  (225, 1, 'skin_edit_by_admin', 'Изменение скина ограничено администрацией'),
  (226, 1, 'cloak_edit_by_admin', 'Изменение плаща ограничено администрацией'),
  (227, 1, 'set_save_by_admin', 'Настройки профиля ограничены администрацией'),
  (228, 1, 'f_info', 'Информация'),
  (229, 1, 'f_skin', 'Образ'),
  (230, 1, 'f_settings', 'Настройки'),
  (231, 1, 'f_name', 'Имя'),
  (232, 1, 'f_lname', 'Фамилия'),
  (233, 1, 'f_gender', 'Пол'),
  (234, 1, 'f_bday', 'Дата рождения'),
  (235, 1, 'f_gmoney', 'Игровой баланс'),
  (236, 1, 'f_rmoney', 'Реальный баланс'),
  (237, 1, 'delete_skin', 'Удалить скин'),
  (238, 1, 'delete_cloak', 'Удалить плащ'),
  (239, 1, 'drop_skin_here', 'Перенесите сюда новый скин персонажа'),
  (240, 1, 'drop_cloak_here', 'Перенесите сюда новый плащ персонажа'),
  (241, 1, 'f_oldpass', 'Старый пароль'),
  (242, 1, 'f_repass', 'Повторите пароль'),
  (243, 1, 'btn_save', 'Сохранить'),
  (244, 1, 'register_mod_name', 'Регистрация'),
  (245, 1, 'register_e_already', 'Вы уже зарегистрированы'),
  (246, 1, 'e_accept', 'Вы успешно подтвердили регистрацию'),
  (247, 1, 'e_perm', 'Регистрация отключена для вашей группы пользователей'),
  (248, 1, 'e_login_regexp', 'Логин может состоять только из латинских букв, цифр и знаков -_'),
  (249, 1, 'e_email_regexp', 'Неверный формат E-Mail адреса'),
  (250, 1, 'e_exist', 'Запрещено использовать данный логин и/или E-Mail'),
  (251, 1, 'e_pass_length', 'Пароль должен быть не менее 6-ти символов'),
  (252, 1, 'e_rules', 'Для регистрации необходимо принять правила'),
  (253, 1, 'e_reg_limit', 'Вы уже регистрировались ранее'),
  (254, 1, 'e_success', 'Поздравляем!'),
  (255, 1, 'e_success_mail', 'Письмо с подтверждением регистрации отправлено на E-Mail, указанный при регистрации'),
  (256, 1, 'register_repass', 'Повторите пароль'),
  (257, 1, 'register_accept', 'Я принимаю данные правила и обязуюсь их соблюдать'),
  (258, 1, 'register_btn', 'Зарегистрироваться'),
  (259, 1, 'register_msg1', 'Здравствуйте.'),
  (260, 1, 'register_msg2', 'Была совершена попытка регистрации на сайте'),
  (261, 1, 'register_msg3', 'Для подтверждения регистрации, перейдите по ссылке ниже'),
  (262, 1, 'register_msg4', 'Если это были не вы, то проигнорируйте данное сообщение.'),
  (263, 1, 'register_msg5', 'С уважением, администрация сайта'),
  (264, 1, 'msg_title', '[Регистрация]'),
  (265, 1, 'msg_ok', 'ОК'),
  (266, 1, 'log_reg', 'Регистрация пользователя'),
  (267, 1, 'restore_mod_name', 'Восстановление пароля'),
  (268, 1, 'invalid_email', 'Не заполнено поле E-Mail'),
  (269, 1, 'restore_success', 'Инструкция по восстановлению пароля отправлена на указанный E-Mail'),
  (270, 1, 'restore_limit', 'Привышен максимально допустимый лимит на восстановление пароля'),
  (271, 1, 'email_not_found', 'Пользователь с указанным E-Mail адресом не найден'),
  (272, 1, 'restore_success2', 'Ваш пароль успешно изменен. Теперь вы можете войти'),
  (273, 1, 'restore_perm', 'Восстановление пароля ограничено администрацией'),
  (274, 1, 'restore_email_title', '[Восстановление пароля]'),
  (275, 1, 'restore_pass_length', 'Пароль должен быть не менее 6-ти символов'),
  (276, 1, 'newpass', 'Новый пароль'),
  (277, 1, 'btn_edit', 'Изменить'),
  (278, 1, 'btn_restore', 'Восстановить'),
  (279, 1, 'restore_msg1', 'Здравствуйте.'),
  (280, 1, 'restore_msg2', 'Была совершена попытка восстановления пароля для сайта'),
  (281, 1, 'restore_msg3', 'Для продолжения, перейдите по ссылке ниже и введите новый пароль'),
  (282, 1, 'restore_msg4', 'Если это были не вы, то проигнорируйте данное сообщение.'),
  (283, 1, 'restore_msg5', 'С уважением, администрация сайта'),
  (284, 1, 'search_mod_name', 'Поиск'),
  (285, 1, 'search_results', 'Результаты поиска'),
  (286, 1, 'empty_result', 'Ничего не найдено'),
  (287, 1, 'by_news', 'По новостям'),
  (288, 1, 'by_comments', 'По комментариям'),
  (289, 1, 'search_perm', 'Поиск ограничен администрацией'),
  (290, 1, 'access_denied', 'Поиск по новостям ограничен администрацией'),
  (291, 1, 'access_denied_com', 'Поиск по комментариям ограничен администрацией'),
  (292, 1, 'empty_query', 'Не заданы критерии поиска'),
  (293, 1, 'search_msg_res1', 'По запросу'),
  (294, 1, 'search_msg_res2', 'найдено результатов'),
  (295, 1, 'search_added', 'Добавлено'),
  (296, 1, 'by_user', 'пользователем'),
  (297, 1, 'statics_mod_name', 'Статические страницы'),
  (298, 1, 'e_msg', 'Ошибка!'),
  (299, 1, 'e_sql_connect', 'Ошибка соединения с базой'),
  (300, 1, 'e_sql_charset', 'Ошибка установки кодировки баз дынных'),
  (301, 1, 'e_sql_critical', 'Критическая ошибка баз данных. Обратитесь к администрации.'),
  (302, 1, 'e_mail_send', 'Ошибка отправки сообщения'),
  (303, 1, 'e_critical', 'Обратитесь к администрации'),
  (304, 1, 'e_warn', 'Обнаружена ошибка!'),
  (305, 1, 'e_attention', 'Внимание!'),
  (306, 1, 'e_403', 'Доступ запрещен'),
  (307, 1, 'e_404', 'Страница не найдена'),
  (308, 1, 'e_captcha', 'Неверно введена каптча'),
  (309, 1, 'e_hack', 'Hacking Attempt!'),
  (310, 1, 'e_install', 'Необходима установка'),
  (311, 1, 'e_module', 'Модуль недоступен'),
  (312, 1, '403', '403'),
  (313, 1, '404', '404'),
  (314, 1, 'e_mode_found', 'Страница не найдена'),
  (315, 1, 'e_mode_class', 'Объект module не найден'),
  (316, 1, 'e_mode_method', 'Метод content в классе module не найден'),
  (317, 1, 'e_advice_found', 'Советов нет'),
  (318, 1, 'target_blank', 'Ссылка откроется в новой вкладке'),
  (319, 1, 'loading', 'Загрузка...'),
  (320, 1, 'deb_name', 'Отладка'),
  (321, 1, 'deb_php_ver', 'Версия PHP'),
  (322, 1, 'deb_php_err', 'Ошибки PHP'),
  (323, 1, 'deb_plt', 'Время загрузки страницы'),
  (324, 1, 'deb_num_q', 'Запросов к базе'),
  (325, 1, 'deb_db_err', 'Ошибки базы'),
  (326, 1, 'deb_memory', 'Использовано памяти'),
  (327, 1, 'deb_script', 'Адрес скрипта'),
  (328, 1, 'deb_protocol', 'Протокол'),
  (329, 1, 'deb_method', 'Метод'),
  (330, 1, 'deb_os', 'Операционная система'),
  (331, 1, 'deb_kb', 'кб'),
  (332, 1, 'deb_sec', 'сек.'),
  (333, 1, 'skin_e_folder_perm', 'Отсутствуют права на запись папки скинов'),
  (334, 1, 'skin_e_intf_perm', 'Отсутствуют права на запись папки скинов-интерфейсов'),
  (335, 1, 'skin_e_size', 'Привышен максимально допустимый размер файла'),
  (336, 1, 'skin_e', 'Ошибка загрузки скина!'),
  (337, 1, 'skin_e_undefined', 'Неизвестная ошибка'),
  (338, 1, 'skin_e_temp', 'Отсутствует временная папка'),
  (339, 1, 'skin_e_perm', 'Отсутствуют права на запись'),
  (340, 1, 'skin_e_tempfile', 'Отсутствует временный файл'),
  (341, 1, 'skin_e_png', 'Разрешено загружать только png'),
  (342, 1, 'skin_e_format', 'Вам недоступен данный формат'),
  (343, 1, 'skin_e_save', 'Ошибка сохранения скина'),
  (344, 1, 'cloak_e_folder_perm', 'Отсутствуют права на запись папки плащей'),
  (345, 1, 'cloak_e_intf_perm', 'Отсутствуют права на запись папки плащей-интерфейсов'),
  (346, 1, 'cloak_e_size', 'Привышен максимально допустимый размер файла'),
  (347, 1, 'cloak_e', 'Ошибка загрузки скина!'),
  (348, 1, 'cloak_e_undefined', 'Неизвестная ошибка'),
  (349, 1, 'cloak_e_temp', 'Отсутствует временная папка'),
  (350, 1, 'cloak_e_perm', 'Отсутствуют права на запись'),
  (351, 1, 'cloak_e_tempfile', 'Отсутствует временный файл'),
  (352, 1, 'cloak_e_png', 'Разрешено загружать только png'),
  (353, 1, 'cloak_e_format', 'Вам недоступен данный формат'),
  (354, 1, 'cloak_e_save', 'Ошибка сохранения плаща'),
  (355, 1, 'u_group_def', 'Гость'),
  (356, 1, 'u_group_desc_def', 'Группа неавторизованных пользователей'),
  (357, 1, 't_main', 'Главная'),
  (358, 1, 't_403', 'Доступ запрещен'),
  (359, 1, 't_404', 'Страница не найдена'),
  (360, 1, 'b_404', 'Страница не найдена'),
  (361, 1, 'b_403', 'Доступ запрещен'),
  (362, 1, 'login', 'Логин'),
  (363, 1, 'ip', 'IP'),
  (364, 1, 'email', 'E-Mail'),
  (365, 1, 'pass', 'Пароль'),
  (366, 1, 'group', 'Группа'),
  (367, 1, 'color', 'Цвет'),
  (368, 1, 'firstname', 'Имя'),
  (369, 1, 'lastname', 'Фамилия'),
  (370, 1, 'date_reg', 'Дата регистрации'),
  (371, 1, 'last_activity', 'Последнее действие'),
  (372, 1, 'gender', 'Пол'),
  (373, 1, 'gender_n', 'Не задано'),
  (374, 1, 'gender_m', 'Мужской'),
  (375, 1, 'gender_w', 'Женский'),
  (376, 1, 'birthday', 'Дата рождения'),
  (377, 1, 'money', 'Игровой баланс'),
  (378, 1, 'realmoney', 'Реальный баланс'),
  (379, 1, 'search_placeholder', 'Введите запрос'),
  (380, 1, 'load_client', 'СКАЧАТЬ КЛИЕНТ'),
  (381, 1, 'yes', 'Да'),
  (382, 1, 'no', 'Нет'),
  (383, 1, 'save', 'Сохранить'),
  (384, 1, 'add', 'Добавить'),
  (385, 1, 'edit', 'Редактировать'),
  (386, 1, 'delete', 'Удалить'),
  (387, 1, 'insert', 'Вставить'),
  (388, 1, 'cancel', 'Отмена'),
  (389, 1, 'search', 'Поиск'),
  (390, 1, 'filemanager', 'Файловый менеджер'),
  (391, 1, 'filemanager_ph', 'Выберите файлы или перенесите их сюда'),
  (392, 1, 'bb_c_remove', 'Удалить все теги'),
  (393, 1, 'bb_c_strong', 'Жирный'),
  (394, 1, 'bb_c_italic', 'Курсив'),
  (395, 1, 'bb_c_strike', 'Зачеркнутый'),
  (396, 1, 'bb_c_underl', 'Подчеркнутый'),
  (397, 1, 'bb_c_left', 'Выравнивание по левому краю'),
  (398, 1, 'bb_c_center', 'Выравнивание по центру'),
  (399, 1, 'bb_c_right', 'Выравнивание по правому краю'),
  (400, 1, 'bb_c_font_size', 'Размер шрифта [1-7]'),
  (401, 1, 'bb_c_font', 'Шрифт [Arial|Arial Black|Comic Sans MS|Courier New|Georgia|Impact|Tahoma|Times New Roman|Trebuchet MS|Verdana]'),
  (402, 1, 'bb_c_color', 'Цвет текста'),
  (403, 1, 'bb_c_bgcolor', 'Цвет фона'),
  (404, 1, 'bb_c_reverse', 'Текст в обратном порядке'),
  (405, 1, 'bb_c_link', 'Ссылка [URL]'),
  (406, 1, 'bb_c_email', 'E-Mail'),
  (407, 1, 'bb_c_list', 'Список [markers|numbers]'),
  (408, 1, 'bb_c_line', 'Горизонтальная линия'),
  (409, 1, 'bb_c_code', 'Код [php|html|css|javascript]'),
  (410, 1, 'bb_c_quote', 'Цитата [Логин | 00.00.00 - 00=>00=>00]'),
  (411, 1, 'bb_c_spoiler', 'Спойлер [Название]'),
  (412, 1, 'bb_c_offtop', 'Оффтоп'),
  (413, 1, 'bb_c_img', 'Изображение'),
  (414, 1, 'bb_c_video', 'Видео [youtube|vine|vk|vimeo|coub|twitch]'),
  (415, 1, 'bb_c_smiles', 'Смайлики'),
  (416, 1, 'bb_c_indent', 'Отступ'),
  (417, 1, 'bb_insert_link', 'Вставка ссылки'),
  (418, 1, 'bb_insert_email', 'Вставка E-Mail адреса'),
  (419, 1, 'bb_insert_size', 'Размер текста'),
  (420, 1, 'bb_insert_font', 'Шрифт'),
  (421, 1, 'bb_insert_color', 'Цвет текста'),
  (422, 1, 'bb_ingert_bg', 'Цвет фона'),
  (423, 1, 'bb_insert_list', 'Список'),
  (424, 1, 'bb_insert_code', 'Вставка кода'),
  (425, 1, 'bb_insert_spoiler', 'Вставка спойлера'),
  (426, 1, 'bb_insert_img', 'Вставка изображения'),
  (427, 1, 'bb_insert_video', 'Вставка видео'),
  (428, 1, 'bb_v_youtube', 'YouTube'),
  (429, 1, 'bb_v_vine', 'Vine'),
  (430, 1, 'bb_v_vk', 'ВКонтакте'),
  (431, 1, 'bb_v_vimeo', 'Vimeo'),
  (432, 1, 'bb_v_coub', 'Coub'),
  (433, 1, 'bb_v_twitch', 'Twitch'),
  (434, 1, 'bb_ph_text', 'Текст'),
  (435, 1, 'bb_ph_url', 'Ссылка'),
  (436, 1, 'bb_ph_email', 'E-Mail адрес'),
  (437, 1, 'bb_ph_spoiler', 'Название спойлера'),
  (438, 1, 'bb_ph_img', 'Ссылка на изображение'),
  (439, 1, 'bb_ph_video', 'Ссылка на видео'),
  (440, 1, 'bb_list_mark', 'Маркированный'),
  (441, 1, 'bb_list_num', 'Нумерованный'),
  (442, 1, 'bb_spoiler', 'Нумерованный'),
  (443, 1, 'blocks', 'Блоки'),
  (444, 1, 'block_cfg_not_found', 'Конфигурация блока не найдена'),
  (445, 1, 'block_cfg_incorrect', 'Конфигурация блока задана неверно'),
  (446, 1, 'block_cfg_unsave', 'Конфигурация не сохранена'),
  (447, 1, 'block_edit', 'Редактирование'),
  (448, 1, 'block_edit_success', 'Блок успешно изменен'),
  (449, 1, 'block_edit_page_name', 'Редактирование блока'),
  (450, 1, 'block_new_version', 'Есть новая версия -'),
  (451, 1, 'block_download', 'Скачать'),
  (452, 1, 'block_not_check', '(Не удалось проверить версию)'),
  (453, 1, 'block_last_version', '(У вас установлена последняя версия)'),
  (454, 1, 'block_on', 'Включен'),
  (455, 1, 'block_off', 'Выключен'),
  (456, 1, 'block_on1', 'Включены'),
  (457, 1, 'block_off1', 'Выключены'),
  (458, 1, 'block_edit_btn', 'Сохранить'),
  (459, 1, 'block_field_name', 'Название'),
  (460, 1, 'block_field_pos', 'Позиция'),
  (461, 1, 'block_field_status', 'Статус'),
  (462, 1, 'block_field_author', 'Автор'),
  (463, 1, 'block_field_site', 'Сайт'),
  (464, 1, 'block_field_email', 'E-Mail'),
  (465, 1, 'block_field_ver', 'Версия'),
  (466, 1, 'block_field_upd', 'Обновления'),
  (467, 1, 'block_field_url', 'Источник обновлений'),
  (468, 1, 'block_field_action', 'Действие'),
  (469, 1, 'block_field_action2', 'Действие с блоками'),
  (470, 1, 'block_empty', 'Нет доступных блоков'),
  (471, 1, 'log_add_bi', 'Добавление группы меню панели управления'),
  (472, 1, 'log_del_bi', 'Удаление иконок'),
  (473, 1, 'log_edit_block', 'Редактирование блока'),
  (474, 1, 'log_block', 'в ПУ'),
  (475, 1, 'mod_name', 'Панель управления'),
  (476, 1, 'com_not_selected', 'Не выбрано ни одного пункта'),
  (477, 1, 'com_del_elements', 'Удалено элементов=> '),
  (478, 1, 'com_without_news', 'Без новости'),
  (479, 1, 'com_add', 'Добавление'),
  (480, 1, 'com_empty', 'Не заполнено поле \'Комментарий\''),
  (481, 1, 'com_incorrect', 'Не верно заполнено поле \'Комментарий\''),
  (482, 1, 'com_add_page_name', 'Добавление комментария'),
  (483, 1, 'com_add_btn', 'Добавить'),
  (484, 1, 'com_edit_page_name', 'Редактирование комментария'),
  (485, 1, 'com_edit_btn', 'Сохранить'),
  (486, 1, 'com_not_exist', 'Нет доступных комментариев'),
  (487, 1, 'com_col_comment', 'Комментарий'),
  (488, 1, 'com_col_news', 'Новость'),
  (489, 1, 'com_col_user', 'Пользователь'),
  (490, 1, 'com_action', 'Действие с комментариями'),
  (491, 1, 'com_accept', 'Вы уверены, что хотите удалить выбранные комментарии'),
  (492, 1, 'com_text', 'Текст комментария'),
  (493, 1, 'log_del_com', 'Удаление комментариев'),
  (494, 1, 'log_com', 'в ПУ'),
  (495, 1, 'log_add_com', 'Добавление комментария'),
  (496, 1, 'log_edit_com', 'Редактирование комментария'),
  (497, 1, 'action', 'Действие'),
  (498, 1, 'groups', 'Группы пользователей'),
  (499, 1, 'grp_not_selected', 'Не выбрано ни одного пункта'),
  (500, 1, 'grp_del_msg1', 'Удалено элементов=> '),
  (501, 1, 'grp_def_val', 'Значение по умолчанию'),
  (502, 1, 'grp_del_success', 'Группа пользователей успешно добавлена'),
  (503, 1, 'grp_add', 'Добавление'),
  (504, 1, 'grp_add_btn', 'Добавить'),
  (505, 1, 'grp_add_page_name', 'Добавление группы'),
  (506, 1, 'grp_edit', 'Редактирование'),
  (507, 1, 'grp_edit_success', 'Группа пользователей успешно изменена'),
  (508, 1, 'grp_edit_page_name', 'Редактирование группы'),
  (509, 1, 'grp_edit_btn', 'Сохранить'),
  (510, 1, 'grp_e_color_format', 'Неверный формат цвета'),
  (511, 1, 'grp_empty', 'Нет доступных групп пользователей'),
  (512, 1, 'grp_field_name', 'Название'),
  (513, 1, 'grp_field_desc', 'Описание'),
  (514, 1, 'grp_field_act', 'Действие'),
  (515, 1, 'grp_field_perm', 'Привилегии'),
  (516, 1, 'grp_action', 'Действие с группами'),
  (517, 1, 'grp_accept', 'Удаление групп приведет к удалению всех входящих в них пользователей. Вы уверены, что хотите удалить выбранные элементы?'),
  (518, 1, 'log_add_grp', 'Добавление группы пользователей'),
  (519, 1, 'log_del_grp', 'Удаление групп пользователей'),
  (520, 1, 'log_edit_grp', 'Редактирование группы пользователей'),
  (521, 1, 'log_grp', 'в ПУ'),
  (522, 1, 'info_ext', 'Дополнения'),
  (523, 1, 'info_stats', 'Статистика'),
  (524, 1, 'info_and_stats', 'Информация и статистика'),
  (525, 1, 'info_news', 'Новости'),
  (526, 1, 'info_eng_ver', 'Версия движка'),
  (527, 1, 'info_eng_ver_now', 'Текущая версия'),
  (528, 1, 'info_eng_ver_last', 'Последняя стабильная версия'),
  (529, 1, 'info_eng_ver_git', 'Версия на GitHub'),
  (530, 1, 'info_eng_ver_dev', 'Dev версия'),
  (531, 1, 'info_news_stats', 'Статистика новостей'),
  (532, 1, 'info_count_news', 'Новостей'),
  (533, 1, 'info_count_views', 'Просмотров'),
  (534, 1, 'info_count_votes', 'Голосов'),
  (535, 1, 'info_count_cats', 'Категорий'),
  (536, 1, 'info_count_coms', 'Комментариев'),
  (537, 1, 'info_users_stats', 'Статистика пользователей'),
  (538, 1, 'info_count_users', 'Всего пользователей'),
  (539, 1, 'info_count_groups', 'Всего групп'),
  (540, 1, 'info_other', 'Разное'),
  (541, 1, 'info_count_statics', 'Статических страниц'),
  (542, 1, 'info_count_perms', 'Привилегий'),
  (543, 1, 'logs', 'Лог действий'),
  (544, 1, 'logs_views', 'Просмотров'),
  (545, 1, 'logs_user', 'Пользователь'),
  (546, 1, 'logs_date', 'Дата'),
  (547, 1, 'logs_action', 'Действие'),
  (548, 1, 'logs_empty', 'Нет доступных логов'),
  (549, 1, 'user_deleted', 'Пользователь удален'),
  (550, 1, 'menu', 'Меню сайта'),
  (551, 1, 'menu_top_lvl', 'Верхний уровень'),
  (552, 1, 'menu_not_selected', 'Не выбрано ни одного пункта'),
  (553, 1, 'menu_del_elements', 'Удалено элементов=> '),
  (554, 1, 'menu_add', 'Добавление'),
  (555, 1, 'menu_edit', 'Редактирование'),
  (556, 1, 'menu_edit_btn', 'Сохранить'),
  (557, 1, 'menu_add_btn', 'Добавить'),
  (558, 1, 'menu_perm_not_exist', 'Привилегия не существует'),
  (559, 1, 'menu_add_success', 'Пункт меню успешно добавлен'),
  (560, 1, 'menu_edit_success', 'Пункт меню успешно изменен'),
  (561, 1, 'menu_add_page_name', 'Добавление меню'),
  (562, 1, 'menu_edit_page_name', 'Редактирование меню'),
  (563, 1, 'menu_field_name', 'Название'),
  (564, 1, 'menu_field_link', 'Ссылка'),
  (565, 1, 'menu_field_style', 'Стилевой класс'),
  (566, 1, 'menu_field_pos', 'Позиция'),
  (567, 1, 'menu_field_parent', 'Родитель'),
  (568, 1, 'menu_field_action', 'Действие'),
  (569, 1, 'menu_field_action2', 'Действие с меню'),
  (570, 1, 'menu_field_target', 'Открытие'),
  (571, 1, 'menu_target_self', 'В текущей вкладке'),
  (572, 1, 'menu_target_blank', 'В новой вкладке'),
  (573, 1, 'menu_field_access', 'Уровень доступа'),
  (574, 1, 'menu_accept', 'Удаление пунктов меню приведет к удалению всех входящих в них пунктов. Вы уверены, что хотите удалить выбранные элементы?'),
  (575, 1, 'menu_empty', 'Нет доступных пунктов меню'),
  (576, 1, 'log_add_menu', 'Добавление пунктов меню сайта'),
  (577, 1, 'log_del_menu', 'Удаление пунктов меню сайта'),
  (578, 1, 'log_edit_menu', 'Редактирование пунктов меню сайта'),
  (579, 1, 'log_menu', 'в ПУ'),
  (580, 1, 'manucp', 'Меню ПУ'),
  (581, 1, 'mcp_not_selected', 'Не выбрано ни одного пункта'),
  (582, 1, 'mcp_del_elements', 'Удалено элементов=> '),
  (583, 1, 'mcp_add', 'Добавление'),
  (584, 1, 'mcp_edit', 'Редактирование'),
  (585, 1, 'mcp_perm_not_exist', 'Привилегия не существует'),
  (586, 1, 'mcp_add_success', 'Пункт меню успешно добавлен'),
  (587, 1, 'mcp_edit_success', 'Пункт меню успешно изменен'),
  (588, 1, 'mcp_add_page_name', 'Добавление меню'),
  (589, 1, 'mcp_edit_page_name', 'Редактирование меню'),
  (590, 1, 'mcp_edit_btn', 'Сохранить'),
  (591, 1, 'mcp_add_btn', 'Добавить'),
  (592, 1, 'mcp_top_lvl', 'Верхний уровень'),
  (593, 1, 'mcp_field_name', 'Название'),
  (594, 1, 'mcp_field_group', 'Группа'),
  (595, 1, 'mcp_field_link', 'Ссылка'),
  (596, 1, 'mcp_field_desc', 'Описание'),
  (597, 1, 'mcp_field_priority', 'Приоритет'),
  (598, 1, 'mcp_field_icon', 'Иконка'),
  (599, 1, 'mcp_field_action', 'Действие'),
  (600, 1, 'mcp_field_action2', 'Действие с меню'),
  (601, 1, 'mcp_field_target', 'Открытие'),
  (602, 1, 'mcp_target_self', 'В текущей вкладке'),
  (603, 1, 'mcp_target_blank', 'В новой вкладке'),
  (604, 1, 'mcp_field_access', 'Уровень доступа'),
  (605, 1, 'mcp_accept', 'Вы уверены, что хотите удалить выбранные элементы?'),
  (606, 1, 'mcp_empty', 'Нет доступных пунктов меню'),
  (607, 1, 'log_add_mcp', 'Добавление пункта меню панели управления'),
  (608, 1, 'log_del_mcp', 'Удаление пунктов меню панели управления'),
  (609, 1, 'log_edit_mcp', 'Редактирование пункта меню в панели управления'),
  (610, 1, 'log_mcp', 'в ПУ'),
  (611, 1, 'menugrp', 'Группы меню ПУ'),
  (612, 1, 'mgrp_not_selected', 'Не выбрано ни одного пункта'),
  (613, 1, 'mgrp_del_elements', 'Удалено элементов=> '),
  (614, 1, 'mgrp_add', 'Добавление'),
  (615, 1, 'mgrp_edit', 'Редактирование'),
  (616, 1, 'mgrp_perm_not_exist', 'Привилегия не существует'),
  (617, 1, 'mgrp_add_success', 'Группа меню успешно добавлена'),
  (618, 1, 'mgrp_edit_success', 'Группа меню успешно изменена'),
  (619, 1, 'mgrp_add_page_name', 'Добавление группы'),
  (620, 1, 'mgrp_edit_page_name', 'Редактирование группы'),
  (621, 1, 'mgrp_edit_btn', 'Сохранить'),
  (622, 1, 'mgrp_add_btn', 'Добавить'),
  (623, 1, 'mgrp_field_name', 'Название'),
  (624, 1, 'mgrp_field_desc', 'Описание'),
  (625, 1, 'mgrp_field_priority', 'Приоритет'),
  (626, 1, 'mgrp_field_access', 'Уровень доступа'),
  (627, 1, 'mgrp_field_perm', 'Привилегии'),
  (628, 1, 'mgrp_field_action', 'Действие'),
  (629, 1, 'mgrp_field_action2', 'Действие с меню'),
  (630, 1, 'mgrp_accept', 'Удаление групп меню приведет к удалению всех входящих в них элементов меню. Вы уверены, что хотите удалить выбранные элементы?'),
  (631, 1, 'mgrp_empty', 'Нет доступных групп меню'),
  (632, 1, 'log_add_mgrp', 'Добавление группы меню панели управления'),
  (633, 1, 'log_del_mgrp', 'Удаление групп меню панели управления'),
  (634, 1, 'log_edit_mgrp', 'Редактирование группы меню панели управления'),
  (635, 1, 'log_mgrp', 'в ПУ'),
  (636, 1, 'icons', 'Иконки'),
  (637, 1, 'mi_not_selected', 'Не выбрано ни одного пункта'),
  (638, 1, 'mi_del_elements', 'Удалено элементов=> '),
  (639, 1, 'mi_add', 'Добавление'),
  (640, 1, 'mi_edit', 'Редактирование'),
  (641, 1, 'mi_perm_not_exist', 'Привилегия не существует'),
  (642, 1, 'mi_add_success', 'Иконка меню успешно добавлена'),
  (643, 1, 'mi_edit_success', 'Иконка меню успешно изменена'),
  (644, 1, 'mi_add_page_name', 'Добавление иконки'),
  (645, 1, 'mi_edit_page_name', 'Редактирование иконки'),
  (646, 1, 'mi_edit_btn', 'Сохранить'),
  (647, 1, 'mi_add_btn', 'Добавить'),
  (648, 1, 'mi_field_name', 'Название'),
  (649, 1, 'mi_field_img', 'Изображение'),
  (650, 1, 'mi_field_action', 'Действие'),
  (651, 1, 'mi_field_action2', 'Действие с иконками'),
  (652, 1, 'mi_accept', 'Вы уверены, что хотите удалить выбранные элементы?'),
  (653, 1, 'mi_empty', 'Нет доступных иконок'),
  (654, 1, 'log_add_mi', 'Добавление группы меню панели управления'),
  (655, 1, 'log_del_mi', 'Удаление иконок'),
  (656, 1, 'log_edit_mi', 'Редактирование иконки'),
  (657, 1, 'log_mi', 'в ПУ'),
  (658, 1, 'modules', 'Модули'),
  (659, 1, 'mod_cfg_not_found', 'Конфигурация модуля не найдена'),
  (660, 1, 'mod_cfg_incorrect', 'Конфигурация модуля задана неверно'),
  (661, 1, 'mod_cfg_unsave', 'Конфигурация не сохранена'),
  (662, 1, 'mod_edit', 'Редактирование'),
  (663, 1, 'mod_edit_success', 'Модуль успешно изменен'),
  (664, 1, 'mod_edit_page_name', 'Редактирование модуля'),
  (665, 1, 'mod_new_version', 'Есть новая версия -'),
  (666, 1, 'mod_download', 'Скачать'),
  (667, 1, 'mod_not_check', '(Не удалось проверить версию)'),
  (668, 1, 'mod_last_version', '(У вас установлена последняя версия)'),
  (669, 1, 'mod_on', 'Включен'),
  (670, 1, 'mod_off', 'Выключен'),
  (671, 1, 'mod_on1', 'Включены'),
  (672, 1, 'mod_off1', 'Выключены'),
  (673, 1, 'mod_edit_btn', 'Сохранить'),
  (674, 1, 'mod_field_name', 'Название'),
  (675, 1, 'mod_field_status', 'Статус'),
  (676, 1, 'mod_field_author', 'Автор'),
  (677, 1, 'mod_field_site', 'Сайт'),
  (678, 1, 'mod_field_email', 'E-Mail'),
  (679, 1, 'mod_field_ver', 'Версия'),
  (680, 1, 'mod_field_upd', 'Обновления'),
  (681, 1, 'mod_field_url', 'Источник обновлений'),
  (682, 1, 'mod_field_action', 'Действие'),
  (683, 1, 'mod_field_action2', 'Действие с модулями'),
  (684, 1, 'mod_empty', 'Нет доступных модулей'),
  (685, 1, 'log_edit_mod', 'Редактирование модуля'),
  (686, 1, 'log_mod', 'в ПУ'),
  (687, 1, 'monitoring', 'Мониторинг серверов'),
  (688, 1, 'mon_not_selected', 'Не выбрано ни одного пункта'),
  (689, 1, 'mon_del_elements', 'Удалено элементов=> '),
  (690, 1, 'mon_add', 'Добавление'),
  (691, 1, 'mon_edit', 'Редактирование'),
  (692, 1, 'mon_perm_not_exist', 'Привилегия не существует'),
  (693, 1, 'mon_add_success', 'Сервер успешно добавлен'),
  (694, 1, 'mon_edit_success', 'Сервер успешно изменен'),
  (695, 1, 'mon_add_page_name', 'Добавление сервера'),
  (696, 1, 'mon_edit_page_name', 'Редактирование сервера'),
  (697, 1, 'mon_edit_btn', 'Сохранить'),
  (698, 1, 'mon_add_btn', 'Добавить'),
  (699, 1, 'mon_field_name', 'Название'),
  (700, 1, 'mon_field_desc', 'Описание'),
  (701, 1, 'mon_field_ip', 'IP адрес'),
  (702, 1, 'mon_field_port', 'Порт'),
  (703, 1, 'mon_field_addr', 'Адрес'),
  (704, 1, 'mon_field_type', 'Тип'),
  (705, 1, 'mon_field_error', 'Последняя ошибка'),
  (706, 1, 'mon_field_cache', 'Время кэша (сек.)'),
  (707, 1, 'mon_field_action', 'Действие'),
  (708, 1, 'mon_field_action2', 'Действие с серверами'),
  (709, 1, 'mon_accept', 'Вы уверены, что хотите удалить выбранные элементы?'),
  (710, 1, 'log_add_mon', 'Добавление сервера в мониторинг'),
  (711, 1, 'log_del_mon', 'Удаление серверов из мониторинга'),
  (712, 1, 'log_edit_mon', 'Редактирование сервера в мониторинг'),
  (713, 1, 'log_mon', 'в ПУ'),
  (714, 1, 'news_not_selected', 'Не выбрано ни одного пункта'),
  (715, 1, 'news_del_elements', 'Удалено элементов=> '),
  (716, 1, 'news_add', 'Добавление'),
  (717, 1, 'news_edit', 'Редактирование'),
  (718, 1, 'news_add_success', 'Новость успешно добавлена'),
  (719, 1, 'news_add_time_error', 'Время указано неправильно.'),
  (720, 1, 'news_edit_success', 'Новость успешно изменена'),
  (721, 1, 'news_add_page_name', 'Добавление новости'),
  (722, 1, 'news_edit_page_name', 'Редактирование новости'),
  (723, 1, 'news_prew_page_name', 'Предварительный просмотр'),
  (724, 1, 'news_edit_btn', 'Сохранить'),
  (725, 1, 'news_add_btn', 'Добавить'),
  (726, 1, 'news_wo_cats', 'Без категории'),
  (727, 1, 'news_e_desc', 'Не заполнено поле \'Полное описание\''),
  (728, 1, 'news_e_cat_not_exist', 'Категория не существует'),
  (729, 1, 'news_e_sdesc', 'Не заполнено поле \'Краткое описание\''),
  (730, 1, 'news_title_is_null', 'Заголовок новости пуст! Введите, пожалуйста, заголовок.'),
  (731, 1, 'news_field_name', 'Название'),
  (732, 1, 'news_field_cat', 'Категория'),
  (733, 1, 'news_field_date', 'Запланировать новость'),
  (734, 1, 'news_date_publish', 'Опубликовать'),
  (735, 1, 'news_date_in', 'в'),
  (736, 1, 'news_field_text', 'Текст новости'),
  (737, 1, 'news_field_text_desc', 'Для разделения страницы до кнопки \'Читать далее\', используйте тег {READMORE}'),
  (738, 1, 'news_field_hidden', 'Скрыть новость'),
  (739, 1, 'news_field_vote', 'Включить голосования'),
  (740, 1, 'news_field_com', 'Включить комметарии'),
  (741, 1, 'news_field_attach', 'Закрепить'),
  (742, 1, 'news_preview', 'Предпросмотр'),
  (743, 1, 'news_field_cdate', 'Дата создания'),
  (744, 1, 'news_field_tdate', 'Время создания'),
  (745, 1, 'news_go_home', 'На главную'),
  (746, 1, 'news_field_views', 'Просмотров'),
  (747, 1, 'news_field_action', 'Действие'),
  (748, 1, 'news_field_action2', 'Действие с новостями'),
  (749, 1, 'news_accept', 'Вы уверены, что хотите удалить выбранные элементы?'),
  (750, 1, 'news_empty', 'Нет доступных новостей'),
  (751, 1, 'log_add_news', 'Добавление новости'),
  (752, 1, 'log_del_news', 'Удаление новостей'),
  (753, 1, 'log_edit_news', 'Редактирование новости'),
  (754, 1, 'log_news', 'в ПУ'),
  (755, 1, 'categories', 'Категории новостей'),
  (756, 1, 'cn_not_selected', 'Не выбрано ни одного пункта'),
  (757, 1, 'cn_del_elements', 'Удалено элементов=> '),
  (758, 1, 'cn_del_elements4', 'Выбранные элементы успешно удалены'),
  (759, 1, 'cn_del_elements5', 'голосов -'),
  (760, 1, 'cn_add', 'Добавление'),
  (761, 1, 'cn_edit', 'Редактирование'),
  (762, 1, 'cn_add_success', 'Категория успешно добавлена'),
  (763, 1, 'cn_edit_success', 'Категория успешно изменена'),
  (764, 1, 'cn_add_page_name', 'Добавление категории'),
  (765, 1, 'cn_edit_page_name', 'Редактирование категории'),
  (766, 1, 'cn_edit_btn', 'Сохранить'),
  (767, 1, 'cn_add_btn', 'Добавить'),
  (768, 1, 'cn_field_name', 'Название'),
  (769, 1, 'cn_field_desc', 'Описание'),
  (770, 1, 'cn_field_action', 'Действие'),
  (771, 1, 'cn_field_action2', 'Действие с категориями'),
  (772, 1, 'cn_accept', 'Удаление категорий приведет к удалению всех новостей в выбранных категориях. Вы уверены, что хотите удалить выбранные элементы?'),
  (773, 1, 'cn_empty', 'Нет доступных категорий'),
  (774, 1, 'log_add_cn', 'Добавление категории новостей'),
  (775, 1, 'log_del_cn', 'Удаление категорий новостей'),
  (776, 1, 'log_edit_cn', 'Редактирование категории новостей'),
  (777, 1, 'log_cn', 'в ПУ'),
  (778, 1, 'nv_not_selected', 'Не выбрано ни одного пункта'),
  (779, 1, 'nv_news_deleted', 'Новость удалена'),
  (780, 1, 'nv_del_elements', 'Удалено элементов=> '),
  (781, 1, 'nv_field_news', 'Новость'),
  (782, 1, 'nv_field_user', 'Пользователь'),
  (783, 1, 'nv_field_date', 'Дата'),
  (784, 1, 'nv_field_action', 'Действие'),
  (785, 1, 'nv_field_action2', 'Действие с просмотрами'),
  (786, 1, 'nv_accept', 'Вы уверены, что хотите удалить выбранные элементы?'),
  (787, 1, 'nv_empty', 'Нет доступных просмотров'),
  (788, 1, 'log_del_nv', 'Удаление просмотров'),
  (789, 1, 'log_nv', 'в ПУ'),
  (790, 1, 'votes', 'Голоса'),
  (791, 1, 'nvt_not_selected', 'Не выбрано ни одного пункта'),
  (792, 1, 'nvt_news_deleted', 'Новость удалена'),
  (793, 1, 'nvt_del_elements', 'Удалено элементов=> '),
  (794, 1, 'nvt_field_news', 'Новость'),
  (795, 1, 'nvt_field_user', 'Пользователь'),
  (796, 1, 'nvt_field_value', 'Значение'),
  (797, 1, 'nvt_field_date', 'Дата'),
  (798, 1, 'nvt_field_action', 'Действие'),
  (799, 1, 'nvt_field_action2', 'Действие с голосами'),
  (800, 1, 'nvt_accept', 'Вы уверены, что хотите удалить выбранные элементы?'),
  (801, 1, 'nvt_empty', 'Нет доступных голосов'),
  (802, 1, 'log_del_nvt', 'Удаление голосов'),
  (803, 1, 'log_nvt', 'в ПУ'),
  (804, 1, 'empty_panel_menu_group', 'Нет доступного меню'),
  (805, 1, 'empty_panel_menu_list', 'Нет доступных пунктов меню'),
  (806, 1, 'patches', 'Патчи интеграции'),
  (807, 1, 'name', 'Название патча'),
  (808, 1, 'install', 'Установить'),
  (809, 1, 'e_patch_exist', 'Патч не найден'),
  (810, 1, 'e_save_config', 'Ошибка сохранения файла конфигурации'),
  (811, 1, 'e_patch_install', 'Ошибка установки патча'),
  (812, 1, 'log_save_patch', 'Изменение патча CMS на '),
  (813, 1, 'success_save', 'Патч был успешно примерен'),
  (814, 1, 'permissions', 'Привилегии'),
  (815, 1, 'perm_not_selected', 'Не выбрано ни одного пункта'),
  (816, 1, 'perm_del_elements', 'Удалено элементов=> '),
  (817, 1, 'perm_add', 'Добавление'),
  (818, 1, 'perm_edit', 'Редактирование'),
  (819, 1, 'perm_add_success', 'Привилегия успешно добавлена'),
  (820, 1, 'perm_edit_success', 'Привилегия успешно изменена'),
  (821, 1, 'perm_add_page_name', 'Добавление привилегии'),
  (822, 1, 'perm_edit_page_name', 'Редактирование привилегии'),
  (823, 1, 'perm_edit_btn', 'Сохранить'),
  (824, 1, 'perm_add_btn', 'Добавить'),
  (825, 1, 'perm_change_system', 'Запрещено менять тип и значение системных привилегий'),
  (826, 1, 'perm_def_value', 'Значение по умолчанию'),
  (827, 1, 'perm_boolean', 'Булевое значение'),
  (828, 1, 'perm_integer', 'Целое число'),
  (829, 1, 'perm_float', 'Число с плавающей точкой'),
  (830, 1, 'perm_string', 'Строка'),
  (831, 1, 'perm_system', 'Системный элемент'),
  (832, 1, 'perm_field_name', 'Название'),
  (833, 1, 'perm_field_desc', 'Описание'),
  (834, 1, 'perm_field_value', 'Значение'),
  (835, 1, 'perm_field_type', 'Тип'),
  (836, 1, 'perm_field_default', 'По умолчанию'),
  (837, 1, 'perm_field_action', 'Действие'),
  (838, 1, 'perm_field_action2', 'Действие с привилегиями'),
  (839, 1, 'perm_accept', 'Удаление привилегий может повлиять на работу некоторых модулей. Вы уверены, что хотите удалить выбранные элементы?'),
  (840, 1, 'perm_empty', 'Нет доступных привилегий'),
  (841, 1, 'log_add_perm', 'Добавление привилегии'),
  (842, 1, 'log_del_perm', 'Удаление привилегий групп'),
  (843, 1, 'log_edit_perm', 'Редактирование привилегии'),
  (844, 1, 'log_perm', 'в ПУ'),
  (845, 1, 'set_theme_incorrect', 'Шаблон указан некорректно'),
  (846, 1, 'set_captcha_incorrect', 'Капча указана некорректно'),
  (847, 1, 'set_e_cfg_save', 'Не удалось сохранить файл конфигурации'),
  (848, 1, 'set_save_success', 'Настройки успешно сохранены'),
  (849, 1, 'set_e_hash', 'Неверная хэш-сумма полей'),
  (850, 1, 'set_main', 'Основные'),
  (851, 1, 'set_pagin', 'Постраничная навигация'),
  (852, 1, 'set_mail', 'Почта'),
  (853, 1, 'set_search', 'Поиск'),
  (854, 1, 'set_func', 'Функции'),
  (855, 1, 'set_base', 'База'),
  (856, 1, 'set_base_host', 'Адрес сервера'),
  (857, 1, 'set_base_host_ph', 'Адрес сервера баз данных'),
  (858, 1, 'set_base_port', 'Порт'),
  (859, 1, 'set_base_port_ph', 'Порт сервера'),
  (860, 1, 'set_base_base', 'Имя базы'),
  (861, 1, 'set_base_base_ph', 'Имя базы данных'),
  (862, 1, 'set_base_user', 'Пользователь'),
  (863, 1, 'set_base_user_ph', 'Пользователь баз данных'),
  (864, 1, 'set_base_pass', 'Пароль'),
  (865, 1, 'set_base_pass_ph', 'Пароль пользователя баз данных'),
  (866, 1, 'set_base_type', 'Тип'),
  (867, 1, 'set_base_type_mysql', 'MySQL'),
  (868, 1, 'set_base_type_mysqli', 'MySQLi (Рекомендуется)'),
  (869, 1, 'set_base_type_pdo', 'PDO (Не поддерживается)'),
  (870, 1, 'set_func_advice', 'Выводить советы'),
  (871, 1, 'set_funt_bc', 'Выводить хлебные крошки'),
  (872, 1, 'set_funt_close', 'Технические работы'),
  (873, 1, 'set_funt_close_time', 'Время до конца тех. работ'),
  (874, 1, 'set_funt_reglimit', 'Максимальное кол-во регистраций с одного IP'),
  (875, 1, 'set_mail_from', 'От кого'),
  (876, 1, 'set_mail_from_ph', 'От кого было отправлено сообщение'),
  (877, 1, 'set_mail_from_name', 'Имя отправителя'),
  (878, 1, 'set_mail_from_name_ph', 'Имя отправителя'),
  (879, 1, 'set_mail_reply', 'E-Mail ответа'),
  (880, 1, 'set_mail_reply_ph', 'E-Mail отправителя'),
  (881, 1, 'set_mail_reply_name', 'Имя отправителя ответа'),
  (882, 1, 'set_mail_reply_name_ph', 'Имя отправителя ответа'),
  (883, 1, 'set_mail_smtp', 'Настройки SMTP'),
  (884, 1, 'set_mail_smtp_use', 'Использовать SMTP'),
  (885, 1, 'set_mail_smtp_host', 'SMTP сервер'),
  (886, 1, 'set_mail_smtp_host_ph', 'Адрес SMTP сервера'),
  (887, 1, 'set_mail_smtp_user', 'Имя пользователя'),
  (888, 1, 'set_mail_smtp_user_ph', 'Имя пользователя SMTP сервера'),
  (889, 1, 'set_mail_smtp_pass', 'Пароль'),
  (890, 1, 'set_mail_smtp_pass_ph', 'Пароль пользователя SMTP сервера'),
  (891, 1, 'set_mail_smtp_tls', 'Использовать TLS'),
  (892, 1, 'set_main_sitename', 'Название сайта'),
  (893, 1, 'set_main_sitedesc', 'Описание сайта'),
  (894, 1, 'set_main_sitekeys', 'Ключевые слова'),
  (895, 1, 'set_main_start', 'Начальная страница'),
  (896, 1, 'set_main_client', 'Ссылка на страницу с клиентом игры'),
  (897, 1, 'set_main_theme', 'Шаблон'),
  (898, 1, 'set_main_log', 'Лог ошибок'),
  (899, 1, 'set_main_debug', 'Отладка'),
  (900, 1, 'set_main_montype', 'Тип мониторинга'),
  (901, 1, 'set_main_reg', 'Подтверждение регистрации'),
  (902, 1, 'set_main_captcha', 'Капча'),
  (903, 1, 'set_main_key_public', 'Публичный ключ'),
  (904, 1, 'set_main_key_private', 'Приватный ключ'),
  (905, 1, 'set_main_sockets', 'Через сокеты'),
  (906, 1, 'set_main_mtapi', 'Через API MineTools'),
  (907, 1, 'set_pagin_user_sect', 'Пользовательская часть'),
  (908, 1, 'set_pagin_arrows', 'Кол-во стрелок'),
  (909, 1, 'set_pagin_arrows_ph', 'Кол-во стрелок с каждой стороны'),
  (910, 1, 'set_pagin_news', 'Новости'),
  (911, 1, 'set_pagin_news_ph', 'Кол-во новостей на одну страницу'),
  (912, 1, 'set_pagin_comments', 'Комментарии'),
  (913, 1, 'set_pagin_comments_ph', 'Кол-во комментариев на одну страницу'),
  (914, 1, 'set_pagin_search_n', 'Поиск по новостям'),
  (915, 1, 'set_pagin_search_n_ph', 'Кол-во новостей на одну страницу в поиске'),
  (916, 1, 'set_pagin_search_c', 'Поиск по комментариям'),
  (917, 1, 'set_pagin_search_c_ph', 'Кол-во комментариев на одну страницу в поиске'),
  (918, 1, 'set_pagin_cp_sect', 'Панель управления'),
  (919, 1, 'set_pagin_cp_news', 'Новости'),
  (920, 1, 'set_pagin_cp_news_ph', 'Кол-во новостей в ПУ'),
  (921, 1, 'set_pagin_cp_coms', 'Комментарии'),
  (922, 1, 'set_pagin_cp_coms_ph', 'Кол-во комментариев в ПУ'),
  (923, 1, 'set_pagin_cp_cats', 'Категории новостей'),
  (924, 1, 'set_pagin_cp_cats_ph', 'Кол-во категорий новостей в ПУ'),
  (925, 1, 'set_pagin_cp_views', 'Просмотров новости'),
  (926, 1, 'set_pagin_cp_views_ph', 'Кол-во просмотров новостей в ПУ'),
  (927, 1, 'set_pagin_cp_votes', 'Голосов новости'),
  (928, 1, 'set_pagin_cp_votes_ph', 'Кол-во голосов новостей в ПУ'),
  (929, 1, 'set_pagin_cp_menu', 'Пунктов меню'),
  (930, 1, 'set_pagin_cp_menu_ph', 'Кол-во пунктов меню сайта в ПУ'),
  (931, 1, 'set_pagin_cp_menu_cp', 'Пункты меню ПУ'),
  (932, 1, 'set_pagin_cp_menu_cp_ph', 'Кол-во пункты меню ПУ в ПУ'),
  (933, 1, 'set_pagin_cp_mgroups', 'Группы меню'),
  (934, 1, 'set_pagin_cp_mgroups_ph', 'Кол-во групп меню в ПУ'),
  (935, 1, 'set_pagin_cp_icons', 'Иконки меню'),
  (936, 1, 'set_pagin_cp_icons_ph', 'Кол-во иконок меню в ПУ'),
  (937, 1, 'set_pagin_cp_users', 'Пользователи'),
  (938, 1, 'set_pagin_cp_users_ph', 'Кол-во пользователей в ПУ'),
  (939, 1, 'set_pagin_cp_mon', 'Мониторинг'),
  (940, 1, 'set_pagin_cp_mon_ph', 'Кол-во серверов в мониторинге в ПУ'),
  (941, 1, 'set_pagin_cp_groups', 'Группы пользователей'),
  (942, 1, 'set_pagin_cp_groups_ph', 'Кол-во групп пользователей в ПУ'),
  (943, 1, 'set_pagin_cp_prems', 'Привилегии'),
  (944, 1, 'set_pagin_cp_prems_ph', 'Кол-во привилегий в ПУ'),
  (945, 1, 'set_pagin_cp_stc', 'Статические страницы'),
  (946, 1, 'set_pagin_cp_stc_ph', 'Кол-во статических страниц в ПУ'),
  (947, 1, 'set_pagin_cp_logs', 'Логи'),
  (948, 1, 'set_pagin_cp_logs_ph', 'Кол-во логов в ПУ'),
  (949, 1, 'set_srch_name', 'Название'),
  (950, 1, 'set_srch_lvl', 'Уровень доступа'),
  (951, 1, 'log_set_main_save', 'Редактирование основных настроек в ПУ'),
  (952, 1, 'log_set_pagin_save', 'Редактирование настроек постраничной навигации в ПУ'),
  (953, 1, 'log_set_mail_save', 'Редактирование настроек почты в ПУ'),
  (954, 1, 'log_set_search_save', 'Редактирование настроек поиска в ПУ'),
  (955, 1, 'log_set_func_save', 'Редактирование настроек функций в ПУ'),
  (956, 1, 'log_set_base_save', 'Редактирование настроек базы в ПУ'),
  (957, 1, 'statics', 'Статические страницы'),
  (958, 1, 'stc_perm_not_exist', 'ОТСУТСТВУЕТ'),
  (959, 1, 'stc_not_selected', 'Не выбрано ни одного пункта'),
  (960, 1, 'stc_del_elements', 'Удалено элементов=> '),
  (961, 1, 'stc_add', 'Добавление'),
  (962, 1, 'stc_edit', 'Редактирование'),
  (963, 1, 'stc_add_success', 'Статическая страница успешно добавлена'),
  (964, 1, 'stc_edit_success', 'Статическая страница успешно изменена'),
  (965, 1, 'stc_add_page_name', 'Добавление статической страницы'),
  (966, 1, 'stc_edit_page_name', 'Редактирование статической страницы'),
  (967, 1, 'stc_edit_btn', 'Сохранить'),
  (968, 1, 'stc_add_btn', 'Добавить'),
  (969, 1, 'stc_e_text_empty', 'Не заполнено поле \'Текст страницы\''),
  (970, 1, 'stc_e_text_incorrect', 'Не верно заполнено поле \'Текст страницы\''),
  (971, 1, 'stc_field_name', 'Название'),
  (972, 1, 'stc_field_uniq', 'Идентификатор'),
  (973, 1, 'stc_field_access', 'Уровень доступа'),
  (974, 1, 'stc_field_text', 'Текст страницы'),
  (975, 1, 'stc_field_preview', 'Предпросмотр'),
  (976, 1, 'stc_field_perm', 'Привилегии'),
  (977, 1, 'stc_field_action', 'Действие'),
  (978, 1, 'stc_field_action2', 'Действие со страницами'),
  (979, 1, 'stc_accept', 'Вы уверены, что хотите удалить выбранные элементы?'),
  (980, 1, 'stc_empty', 'Нет доступных статических страниц'),
  (981, 1, 'stc_preview', 'Предварительный просмотр'),
  (982, 1, 'stc_go_home', 'На главную'),
  (983, 1, 'log_add_stc', 'Добавление статической страницы'),
  (984, 1, 'log_del_stc', 'Удаление статических страниц'),
  (985, 1, 'log_edit_stc', 'Редактирование статической страницы'),
  (986, 1, 'log_stc', 'в ПУ'),
  (987, 1, 'users', 'Пользователи'),
  (988, 1, 'user_ban', 'забанены'),
  (989, 1, 'user_unban', 'разбанены'),
  (990, 1, 'user_not_selected', 'Не выбрано ни одного пункта'),
  (991, 1, 'user_del_elements', 'Удалено элементов=> '),
  (992, 1, 'user_add', 'Добавление'),
  (993, 1, 'user_edit', 'Редактирование'),
  (994, 1, 'user_add_success', 'Пользователь успешно добавлен'),
  (995, 1, 'user_edit_success', 'Пользователь успешно изменен'),
  (996, 1, 'user_add_page_name', 'Добавление пользователя'),
  (997, 1, 'user_edit_page_name', 'Редактирование пользователя'),
  (998, 1, 'user_edit_btn', 'Сохранить'),
  (999, 1, 'user_add_btn', 'Добавить'),
  (1000, 1, 'user_e_color_format', 'Неверный формат цвета'),
  (1001, 1, 'user_success', 'Выбранные пользователи успешно'),
  (1002, 1, 'user_not_found', 'Пользователи не найдены'),
  (1003, 1, 'user_e_incorrect_fname', 'Имя может состоять только из букв'),
  (1004, 1, 'user_e_incorrect_lname', 'Фамилия может состоять только из букв'),
  (1005, 1, 'user_e_incorrect_bday', 'Неверный формат даты рождения'),
  (1006, 1, 'user_group_not_found', 'Группа не существует'),
  (1007, 1, 'user_e_reg_pass_length', 'Пароль должен быть не менее 6-ти символов'),
  (1008, 1, 'user_e_skin_name', 'Не удалось изменить название скина'),
  (1009, 1, 'user_e_cloak_name', 'Не удалось изменить название плаща'),
  (1010, 1, 'user_field_action', 'Действие'),
  (1011, 1, 'user_field_action2', 'Действие с пользователями'),
  (1012, 1, 'user_accept', 'Удаление пользователей приведет к удалению всей информации о них. Вы уверены, что хотите удалить выбранные элементы?'),
  (1013, 1, 'user_accept2', 'Вы действительно хотите забанить выбранных пользователей на сервере?'),
  (1014, 1, 'user_accept3', 'Вы действительно хотите разбанить выбранных пользователей на сервере?'),
  (1015, 1, 'user_empty', 'Нет доступных пользователей'),
  (1016, 1, 'log_add_user', 'Добавление нового пользователя'),
  (1017, 1, 'log_del_user', 'Удаление пользователей'),
  (1018, 1, 'log_ban_user', 'Изменение статуса бана пользователей'),
  (1019, 1, 'log_edit_user', 'Редактирование пользователя'),
  (1020, 1, 'log_user', 'в ПУ'),
  (1021, 1, 'developer', 'Разработчик'),
  (1022, 1, 'empty', 'Нет доступных серверов'),
  (1023, 1, 'offline', 'Оффлайн'),
  (1024, 1, 'alert', 'Оповещение'),
  (1025, 1, 'online_block_name', 'Онлайн'),
  (1026, 1, 'online_empty', 'Нет зарегистрированных пользователей'),
  (1027, 1, 'online_loading', 'Загрузка статистики...'),
  (1028, 1, 'online_now', 'Сейчас на сайте'),
  (1029, 1, 'count_all', 'Всего'),
  (1030, 1, 'online_users', 'Из них пользователей'),
  (1031, 1, 'online_guests', 'гостей'),
  (1032, 1, 'miniprofile', 'Мини-профиль'),
  (1033, 1, 'login_or_email', 'Логин или E-Mail'),
  (1034, 1, 'balance', 'Баланс'),
  (1035, 1, 'profile', 'Профиль'),
  (1036, 1, 'logout', 'Выход'),
  (1037, 1, 'cur_game', 'майн.'),
  (1038, 1, 'cur_real', 'руб.'),
  (1039, 1, 'remember', 'Запомнить'),
  (1040, 1, 'restore', 'Восстановление пароля'),
  (1041, 1, 'register', 'Регистрация');
#line
CREATE TABLE IF NOT EXISTS `mcr_news_comments` (
  `id` int(10) NOT NULL AUTO_INCREMENT,
  `nid` int(10) NOT NULL DEFAULT '0',
  `text_html` text NOT NULL,
  `text_bb` text NOT NULL,
  `uid` int(10) NOT NULL DEFAULT '0',
  `date` datetime NOT NULL,
  `data` text NOT NULL,
  PRIMARY KEY (`id`),
  KEY `nid` (`nid`),
  KEY `uid` (`uid`)
) ENGINE=InnoDB DEFAULT CHARSET=utf8 AUTO_INCREMENT=1 ;
#line
CREATE TABLE IF NOT EXISTS `mcr_files` (
  `id` int(10) NOT NULL AUTO_INCREMENT,
  `uniq` varchar(64) CHARACTER SET latin1 NOT NULL DEFAULT '',
  `name` varchar(255) CHARACTER SET latin1 NOT NULL DEFAULT '',
  `oldname` varchar(255) NOT NULL DEFAULT '',
  `uid` int(10) NOT NULL DEFAULT '0',
  `data` text NOT NULL,
  `hash` varchar(255) NOT NULL,
  PRIMARY KEY (`id`),
  UNIQUE KEY `uniq` (`uniq`),
  UNIQUE KEY `hash` (`hash`),
  KEY `uid` (`uid`)
) ENGINE=InnoDB DEFAULT CHARSET=utf8 AUTO_INCREMENT=1 ;
#line
CREATE TABLE IF NOT EXISTS `~ug~` (
  `~ug_id~` int(10) NOT NULL AUTO_INCREMENT,
  `~ug_title~` varchar(32) NOT NULL DEFAULT '',
  `~ug_text~` varchar(255) NOT NULL DEFAULT '',
  `~ug_color~` varchar(24) NOT NULL DEFAULT '',
  `~ug_perm~` text NOT NULL,
  PRIMARY KEY (`~ug_id~`)
) ENGINE=InnoDB  DEFAULT CHARSET=utf8 AUTO_INCREMENT=4 ;
#line
INSERT INTO `~ug~` (`~ug_id~`, `~ug_title~`, `~ug_text~`, `~ug_color~`, `~ug_perm~`) VALUES
(0, 'Заблокированный', 'Группа заблокированных пользователей', '', '{"color":0,"sys_debug":false,"sys_max_file_size":0,"sys_max_ratio":0,"sys_monitoring":true,"sys_share":true,"sys_search":true,"sys_restore":true,"sys_register":true,"sys_profile":true,"sys_profile_del_skin":false,"sys_profile_del_cloak":false,"sys_profile_skin":false,"sys_profile_cloak":false,"sys_profile_settings":false,"sys_news_list":true,"sys_news_full":true,"sys_comment_list":false,"sys_comment_add":false,"sys_comment_edt":false,"sys_comment_edt_all":false,"sys_comment_del":false,"sys_comment_del_all":false,"sys_auth":false,"sys_adm_main":false,"sys_adm_news":false,"sys_adm_news_cats":false,"sys_adm_news_views":false,"sys_adm_news_votes":false,"sys_adm_comments":false,"sys_adm_menu":false,"sys_adm_menu_adm":false,"sys_adm_menu_groups":false,"sys_adm_menu_icons":false,"sys_adm_users":false,"sys_adm_groups":false,"sys_adm_permissions":false,"sys_adm_statics":false,"sys_adm_info":false,"sys_adm_settings":false,"sys_adm_monitoring":false,"sys_adm_modules":false,"sys_search_news":false,"sys_search_comments":false,"sys_news_like":false,"sys_adm_m_g_main":false,"sys_adm_m_g_news":false,"sys_adm_m_g_users":false,"sys_adm_m_g_menu":false,"sys_adm_m_g_settings":false,"sys_adm_m_i_news":false,"sys_adm_m_i_news_cats":false,"sys_adm_m_i_comments":false,"sys_adm_m_i_news_views":false,"sys_adm_m_i_news_votes":false,"sys_adm_m_i_users":false,"sys_adm_m_i_groups":false,"sys_adm_m_i_permissions":false,"sys_adm_m_i_menu":false,"sys_adm_m_i_menu_adm":false,"sys_adm_m_i_menu_groups_adm":false,"sys_adm_m_i_icons":false,"sys_adm_m_i_statics":false,"sys_adm_m_i_settings":false,"sys_adm_m_i_monitor":false,"sys_adm_m_i_info":false,"sys_adm_m_i_modules":false,"sys_adm_m_i_logs":false,"sys_adm_manager":false,"sys_adm_logs":false,"sys_adm_permissions_add":false,"sys_adm_permissions_edit":false,"sys_adm_permissions_delete":false,"sys_adm_comments_add":false,"sys_adm_comments_edit":false,"sys_adm_comments_delete":false,"sys_adm_groups_add":false,"sys_adm_groups_edit":false,"sys_adm_groups_delete":false,"sys_adm_menu_add":false,"sys_adm_menu_edit":false,"sys_adm_menu_delete":false,"sys_adm_menu_adm_add":false,"sys_adm_menu_adm_edit":false,"sys_adm_menu_adm_delete":false,"sys_adm_menu_groups_add":false,"sys_adm_menu_groups_edit":false,"sys_adm_menu_groups_delete":false,"sys_adm_menu_icons_add":false,"sys_adm_menu_icons_edit":false,"sys_adm_menu_icons_delete":false,"sys_adm_monitoring_add":false,"sys_adm_monitoring_edit":false,"sys_adm_monitoring_delete":false,"sys_adm_news_add":false,"sys_adm_news_edit":false,"sys_adm_news_delete":false,"sys_adm_news_cats_add":false,"sys_adm_news_cats_edit":false,"sys_adm_news_cats_delete":false,"sys_adm_statics_add":false,"sys_adm_statics_edit":false,"sys_adm_statics_delete":false,"sys_adm_users_add":false,"sys_adm_users_edit":false,"sys_adm_users_delete":false,"sys_adm_users_ban":false,"sys_adm_modules_edit":false,"sys_adm_news_views_delete":false,"sys_adm_news_votes_delete":false,"sys_adm_blocks":false,"sys_adm_m_i_blocks":false,"sys_adm_blocks_edit":false,"block_online":false,"block_banner":false}'),
(1, 'Непроверенный', 'Группа непроверенных пользователей', '', '{"color":0,"sys_debug":false,"sys_max_file_size":1024,"sys_max_ratio":0,"sys_monitoring":true,"sys_share":true,"sys_search":true,"sys_restore":true,"sys_register":true,"sys_profile":true,"sys_profile_del_skin":false,"sys_profile_del_cloak":false,"sys_profile_skin":false,"sys_profile_cloak":false,"sys_profile_settings":false,"sys_news_list":true,"sys_news_full":true,"sys_comment_list":true,"sys_comment_add":false,"sys_comment_edt":false,"sys_comment_edt_all":false,"sys_comment_del":false,"sys_comment_del_all":false,"sys_auth":true,"sys_adm_main":false,"sys_adm_news":false,"sys_adm_news_cats":false,"sys_adm_news_views":false,"sys_adm_news_votes":false,"sys_adm_comments":false,"sys_adm_menu":false,"sys_adm_menu_adm":false,"sys_adm_menu_groups":false,"sys_adm_menu_icons":false,"sys_adm_users":false,"sys_adm_groups":false,"sys_adm_permissions":false,"sys_adm_statics":false,"sys_adm_info":false,"sys_adm_settings":false,"sys_adm_monitoring":false,"sys_adm_modules":false,"sys_search_news":true,"sys_search_comments":false,"sys_news_like":false,"sys_adm_m_g_main":false,"sys_adm_m_g_news":false,"sys_adm_m_g_users":false,"sys_adm_m_g_menu":false,"sys_adm_m_g_settings":false,"sys_adm_m_i_news":false,"sys_adm_m_i_news_cats":false,"sys_adm_m_i_comments":false,"sys_adm_m_i_news_views":false,"sys_adm_m_i_news_votes":false,"sys_adm_m_i_users":false,"sys_adm_m_i_groups":false,"sys_adm_m_i_permissions":false,"sys_adm_m_i_menu":false,"sys_adm_m_i_menu_adm":false,"sys_adm_m_i_menu_groups_adm":false,"sys_adm_m_i_icons":false,"sys_adm_m_i_statics":false,"sys_adm_m_i_settings":false,"sys_adm_m_i_monitor":false,"sys_adm_m_i_info":false,"sys_adm_m_i_modules":false,"sys_adm_m_i_logs":false,"sys_adm_manager":false,"sys_adm_logs":false,"sys_adm_permissions_add":false,"sys_adm_permissions_edit":false,"sys_adm_permissions_delete":false,"sys_adm_comments_add":false,"sys_adm_comments_edit":false,"sys_adm_comments_delete":false,"sys_adm_groups_add":false,"sys_adm_groups_edit":false,"sys_adm_groups_delete":false,"sys_adm_menu_add":false,"sys_adm_menu_edit":false,"sys_adm_menu_delete":false,"sys_adm_menu_adm_add":false,"sys_adm_menu_adm_edit":false,"sys_adm_menu_adm_delete":false,"sys_adm_menu_groups_add":false,"sys_adm_menu_groups_edit":false,"sys_adm_menu_groups_delete":false,"sys_adm_menu_icons_add":false,"sys_adm_menu_icons_edit":false,"sys_adm_menu_icons_delete":false,"sys_adm_monitoring_add":false,"sys_adm_monitoring_edit":false,"sys_adm_monitoring_delete":false,"sys_adm_news_add":false,"sys_adm_news_edit":false,"sys_adm_news_delete":false,"sys_adm_news_cats_add":false,"sys_adm_news_cats_edit":false,"sys_adm_news_cats_delete":false,"sys_adm_statics_add":false,"sys_adm_statics_edit":false,"sys_adm_statics_delete":false,"sys_adm_users_add":false,"sys_adm_users_edit":false,"sys_adm_users_delete":false,"sys_adm_users_ban":false,"sys_adm_modules_edit":false,"sys_adm_news_views_delete":false,"sys_adm_news_votes_delete":false,"sys_adm_blocks":false,"sys_adm_m_i_blocks":false,"sys_adm_blocks_edit":false,"block_online":true,"block_banner":false}'),
(2, 'Пользователь', 'Зарегистрированные и проверенные пользователи', '', '{"color":0,"sys_debug":false,"sys_max_file_size":1024,"sys_max_ratio":1,"sys_monitoring":true,"sys_share":true,"sys_search":true,"sys_restore":true,"sys_register":true,"sys_profile":true,"sys_profile_del_skin":true,"sys_profile_del_cloak":true,"sys_profile_skin":true,"sys_profile_cloak":true,"sys_profile_settings":true,"sys_news_list":true,"sys_news_full":true,"sys_comment_list":true,"sys_comment_add":true,"sys_comment_edt":true,"sys_comment_edt_all":false,"sys_comment_del":false,"sys_comment_del_all":false,"sys_auth":true,"sys_adm_main":false,"sys_adm_news":false,"sys_adm_news_cats":false,"sys_adm_news_views":false,"sys_adm_news_votes":false,"sys_adm_comments":false,"sys_adm_menu":false,"sys_adm_menu_adm":false,"sys_adm_menu_groups":false,"sys_adm_menu_icons":false,"sys_adm_users":false,"sys_adm_groups":false,"sys_adm_permissions":false,"sys_adm_statics":false,"sys_adm_info":false,"sys_adm_settings":false,"sys_adm_monitoring":false,"sys_adm_modules":false,"sys_search_news":true,"sys_search_comments":true,"sys_news_like":true,"sys_adm_m_g_main":false,"sys_adm_m_g_news":false,"sys_adm_m_g_users":false,"sys_adm_m_g_menu":false,"sys_adm_m_g_settings":false,"sys_adm_m_i_news":false,"sys_adm_m_i_news_cats":false,"sys_adm_m_i_comments":false,"sys_adm_m_i_news_views":false,"sys_adm_m_i_news_votes":false,"sys_adm_m_i_users":false,"sys_adm_m_i_groups":false,"sys_adm_m_i_permissions":false,"sys_adm_m_i_menu":false,"sys_adm_m_i_menu_adm":false,"sys_adm_m_i_menu_groups_adm":false,"sys_adm_m_i_icons":false,"sys_adm_m_i_statics":false,"sys_adm_m_i_settings":false,"sys_adm_m_i_monitor":false,"sys_adm_m_i_info":false,"sys_adm_m_i_modules":false,"sys_adm_m_i_logs":false,"sys_adm_manager":false,"sys_adm_logs":false,"sys_adm_permissions_add":false,"sys_adm_permissions_edit":false,"sys_adm_permissions_delete":false,"sys_adm_comments_add":false,"sys_adm_comments_edit":false,"sys_adm_comments_delete":false,"sys_adm_groups_add":false,"sys_adm_groups_edit":false,"sys_adm_groups_delete":false,"sys_adm_menu_add":false,"sys_adm_menu_edit":false,"sys_adm_menu_delete":false,"sys_adm_menu_adm_add":false,"sys_adm_menu_adm_edit":false,"sys_adm_menu_adm_delete":false,"sys_adm_menu_groups_add":false,"sys_adm_menu_groups_edit":false,"sys_adm_menu_groups_delete":false,"sys_adm_menu_icons_add":false,"sys_adm_menu_icons_edit":false,"sys_adm_menu_icons_delete":false,"sys_adm_monitoring_add":false,"sys_adm_monitoring_edit":false,"sys_adm_monitoring_delete":false,"sys_adm_news_add":false,"sys_adm_news_edit":false,"sys_adm_news_delete":false,"sys_adm_news_cats_add":false,"sys_adm_news_cats_edit":false,"sys_adm_news_cats_delete":false,"sys_adm_statics_add":false,"sys_adm_statics_edit":false,"sys_adm_statics_delete":false,"sys_adm_users_add":false,"sys_adm_users_edit":false,"sys_adm_users_delete":false,"sys_adm_users_ban":false,"sys_adm_modules_edit":false,"sys_adm_news_views_delete":false,"sys_adm_news_votes_delete":false,"sys_adm_blocks":false,"sys_adm_m_i_blocks":false,"sys_adm_blocks_edit":false,"block_online":true,"block_banner":false}'),
(3, 'Администратор', 'Группа администрации', '', '{"color":0,"sys_debug":true,"sys_max_file_size":4096,"sys_max_ratio":32,"sys_monitoring":true,"sys_share":true,"sys_search":true,"sys_restore":true,"sys_register":true,"sys_profile":true,"sys_profile_del_skin":true,"sys_profile_del_cloak":true,"sys_profile_skin":true,"sys_profile_cloak":true,"sys_profile_settings":true,"sys_news_list":true,"sys_news_full":true,"sys_comment_list":true,"sys_comment_add":true,"sys_comment_edt":true,"sys_comment_edt_all":true,"sys_comment_del":true,"sys_comment_del_all":true,"sys_auth":true,"sys_adm_main":true,"sys_adm_news":true,"sys_adm_news_cats":true,"sys_adm_news_views":true,"sys_adm_news_votes":true,"sys_adm_comments":true,"sys_adm_menu":true,"sys_adm_menu_adm":true,"sys_adm_menu_groups":true,"sys_adm_menu_icons":true,"sys_adm_users":true,"sys_adm_groups":true,"sys_adm_permissions":true,"sys_adm_statics":true,"sys_adm_info":true,"sys_adm_settings":true,"sys_adm_monitoring":true,"sys_adm_modules":true,"sys_search_news":true,"sys_search_comments":true,"sys_news_like":true,"sys_adm_m_g_main":true,"sys_adm_m_g_news":true,"sys_adm_m_g_users":true,"sys_adm_m_g_menu":true,"sys_adm_m_g_settings":true,"sys_adm_m_i_news":true,"sys_adm_m_i_news_cats":true,"sys_adm_m_i_comments":true,"sys_adm_m_i_news_views":true,"sys_adm_m_i_news_votes":true,"sys_adm_m_i_users":true,"sys_adm_m_i_groups":true,"sys_adm_m_i_permissions":true,"sys_adm_m_i_menu":true,"sys_adm_m_i_menu_adm":true,"sys_adm_m_i_menu_groups_adm":true,"sys_adm_m_i_icons":true,"sys_adm_m_i_statics":true,"sys_adm_m_i_settings":true,"sys_adm_m_i_monitor":true,"sys_adm_m_i_info":true,"sys_adm_m_i_modules":true,"sys_adm_m_i_logs":true,"sys_adm_manager":true,"sys_adm_logs":true,"sys_adm_permissions_add":true,"sys_adm_permissions_edit":true,"sys_adm_permissions_delete":true,"sys_adm_comments_add":true,"sys_adm_comments_edit":true,"sys_adm_comments_delete":true,"sys_adm_groups_add":true,"sys_adm_groups_edit":true,"sys_adm_groups_delete":true,"sys_adm_menu_add":true,"sys_adm_menu_edit":true,"sys_adm_menu_delete":true,"sys_adm_menu_adm_add":true,"sys_adm_menu_adm_edit":true,"sys_adm_menu_adm_delete":true,"sys_adm_menu_groups_add":true,"sys_adm_menu_groups_edit":true,"sys_adm_menu_groups_delete":true,"sys_adm_menu_icons_add":true,"sys_adm_menu_icons_edit":true,"sys_adm_menu_icons_delete":true,"sys_adm_monitoring_add":true,"sys_adm_monitoring_edit":true,"sys_adm_monitoring_delete":true,"sys_adm_news_add":true,"sys_adm_news_edit":true,"sys_adm_news_delete":true,"sys_adm_news_cats_add":true,"sys_adm_news_cats_edit":true,"sys_adm_news_cats_delete":true,"sys_adm_statics_add":true,"sys_adm_statics_edit":true,"sys_adm_statics_delete":true,"sys_adm_users_add":true,"sys_adm_users_edit":true,"sys_adm_users_delete":true,"sys_adm_users_ban":true,"sys_adm_modules_edit":true,"sys_adm_news_views_delete":true,"sys_adm_news_votes_delete":true,"sys_adm_blocks":true,"sys_adm_m_i_blocks":true,"sys_adm_blocks_edit":true,"block_online":true,"block_banner":true}');
#line
CREATE TABLE IF NOT EXISTS `~ic~` (
  `~ic_id~` int(10) NOT NULL AUTO_INCREMENT,
  `~ic_login~` varchar(32) CHARACTER SET latin1 NOT NULL DEFAULT '',
  `~ic_money~` decimal(10,2) NOT NULL DEFAULT '0.00',
  `~ic_rc~` decimal(10,2) NOT NULL DEFAULT '0.00',
  `~ic_bank~` decimal(10,2) NOT NULL DEFAULT '0.00',
  PRIMARY KEY (`~ic_id~`),
  KEY `~ic_login~` (`~ic_login~`)
) ENGINE=InnoDB DEFAULT CHARSET=utf8 AUTO_INCREMENT=1 ;
#line
CREATE TABLE IF NOT EXISTS `~logs~` (
  `~logs_id~` int(10) NOT NULL AUTO_INCREMENT,
  `~logs_uid~` int(10) NOT NULL DEFAULT '0',
  `~logs_msg~` varchar(255) NOT NULL DEFAULT '',
  `~logs_date~` datetime NOT NULL,
  PRIMARY KEY (`~logs_id~`)
) ENGINE=InnoDB DEFAULT CHARSET=utf8 AUTO_INCREMENT=1 ;
#line
CREATE TABLE IF NOT EXISTS `mcr_menu` (
  `id` int(10) NOT NULL AUTO_INCREMENT,
  `title` text NOT NULL,
  `parent` int(10) NOT NULL DEFAULT '1',
  `url` varchar(255) NOT NULL DEFAULT '',
  `target` varchar(10) CHARACTER SET latin1 NOT NULL DEFAULT '_self',
  `permissions` varchar(255) NOT NULL DEFAULT '',
  `style` varchar(255) NOT NULL DEFAULT '',
  PRIMARY KEY (`id`)
) ENGINE=InnoDB  DEFAULT CHARSET=utf8 AUTO_INCREMENT=3 ;
#line
CREATE TABLE IF NOT EXISTS `mcr_online` (
  `id` int(10) NOT NULL AUTO_INCREMENT,
  `ip` varchar(16) NOT NULL DEFAULT '127.0.0.1',
  `online` tinyint(1) NOT NULL DEFAULT '0',
  `date_create` int(10) NOT NULL DEFAULT '0',
  `date_update` int(10) NOT NULL DEFAULT '0',
  PRIMARY KEY (`id`)
) ENGINE=InnoDB  DEFAULT CHARSET=utf8 AUTO_INCREMENT=1 ;
#line
INSERT INTO `mcr_menu` (`id`, `title`, `parent`, `url`, `target`, `permissions`) VALUES
(1, 'Главная', 0, '~base_url~', '_self', 'sys_share'),
(2, 'ПУ', 0, '~base_url~?mode=admin', '_self', 'sys_adm_main');
#line
CREATE TABLE IF NOT EXISTS `mcr_menu_adm` (
  `id` int(10) NOT NULL AUTO_INCREMENT,
  `gid` int(10) NOT NULL DEFAULT '1',
  `title` varchar(24) NOT NULL DEFAULT '0',
  `text` varchar(255) NOT NULL DEFAULT '',
  `url` varchar(255) NOT NULL DEFAULT '',
  `target` varchar(10) CHARACTER SET latin1 NOT NULL DEFAULT '_self',
  `access` text CHARACTER SET latin1 NOT NULL,
  `priority` int(6) NOT NULL DEFAULT '1',
  `icon` int(10) NOT NULL DEFAULT '1',
  PRIMARY KEY (`id`),
  KEY `gid` (`gid`)
) ENGINE=InnoDB  DEFAULT CHARSET=utf8 AUTO_INCREMENT=19 ;
#line
INSERT INTO `mcr_menu_adm` (`id`, `gid`, `title`, `text`, `url`, `target`, `access`, `priority`, `icon`) VALUES
(1, 1, 'Информация', 'Информация и статистика движка', '~base_url~?mode=admin&do=info', '_self', 'sys_adm_m_i_info', 1, 8),
(2, 2, 'Новости', 'Управление списком новостей', '~base_url~?mode=admin&do=news', '_self', 'sys_adm_m_i_news', 1, 2),
(3, 2, 'Категории', 'Управление категориями новостей', '~base_url~?mode=admin&do=news_cats', '_self', 'sys_adm_m_i_news_cats', 2, 10),
(4, 2, 'Комментарии', 'Управление комментариями новостей', '~base_url~?mode=admin&do=comments', '_self', 'sys_adm_m_i_comments', 3, 13),
(5, 2, 'Просмотры', 'Управление просмотрами новостей', '~base_url~?mode=admin&do=news_views', '_self', 'sys_adm_m_i_news_views', 4, 14),
(6, 2, 'Голоса', 'Управление голосами новостей', '~base_url~?mode=admin&do=news_votes', '_self', 'sys_adm_m_i_news_votes', 5, 9),
(7, 3, 'Пользователи', 'Изменение пользователей', '~base_url~?mode=admin&do=users', '_self', 'sys_adm_m_i_users', 1, 5),
(8, 3, 'Группы', 'Управление группами пользователей и их привилегиями', '~base_url~?mode=admin&do=groups', '_self', 'sys_adm_m_i_groups', 2, 15),
(9, 3, 'Привилегии', 'Управление доступными привилегиями', '~base_url~?mode=admin&do=permissions', '_self', 'sys_adm_m_i_permissions', 3, 17),
(10, 4, 'Меню сайта', 'Управление пунктами основного меню', '~base_url~?mode=admin&do=menu', '_self', 'sys_adm_m_i_menu', 1, 7),
(11, 4, 'Меню ПУ', 'Управление пунктами меню панели управления', '~base_url~?mode=admin&do=menu_adm', '_self', 'sys_adm_m_i_menu_adm', 2, 24),
(12, 4, 'Группы меню ПУ', 'Управление группами меню панели управления', '~base_url~?mode=admin&do=menu_groups', '_self', 'sys_adm_m_i_menu_groups_adm', 3, 11),
(13, 4, 'Иконки', 'Управление иконками пунктов меню панели управления', '~base_url~?mode=admin&do=menu_icons', '_self', 'sys_adm_m_i_icons', 4, 19),
(14, 1, 'Статические страницы', 'Управление статическими страницами ', '~base_url~?mode=admin&do=statics', '_self', 'sys_adm_m_i_statics', 2, 20),
(15, 5, 'Настройки сайта', 'Основные настройки сайта', '~base_url~?mode=admin&do=settings', '_self', 'sys_adm_m_i_settings', 1, 6),
(16, 1, 'Мониторинг серверов', 'Управление серверами мониторинга', '~base_url~?mode=admin&do=monitoring', '_self', 'sys_adm_m_i_monitor', 3, 21),
(17, 1, 'Модули', 'Управление модулями', '~base_url~?mode=admin&do=modules', '_self', 'sys_adm_m_i_modules', 4, 22),
(18, 1, 'Лог действий', 'Журнал действий пользователей', '~base_url~?mode=admin&do=logs', '_self', 'sys_adm_m_i_logs', 5, 23),
(19, 1, 'Блоки', 'Управление Блоками', '~base_url~?mode=admin&do=blocks', '_self', 'sys_adm_m_i_blocks', 6, 18);
#line
CREATE TABLE IF NOT EXISTS `mcr_menu_adm_groups` (
  `id` int(10) NOT NULL AUTO_INCREMENT,
  `title` varchar(32) NOT NULL DEFAULT '',
  `text` varchar(255) CHARACTER SET utf8 COLLATE utf8_estonian_ci NOT NULL DEFAULT '',
  `access` varchar(64) CHARACTER SET latin1 NOT NULL DEFAULT '',
  `priority` int(10) NOT NULL DEFAULT '1',
  PRIMARY KEY (`id`)
) ENGINE=InnoDB  DEFAULT CHARSET=utf8 AUTO_INCREMENT=6 ;
#line
INSERT INTO `mcr_menu_adm_groups` (`id`, `title`, `text`, `access`, `priority`) VALUES
(1, 'Разное', 'Описание раздела разное', 'sys_adm_m_g_main', 1),
(2, 'Управление новостями', 'Всё, что связано с модулем новостей', 'sys_adm_m_g_news', 2),
(3, 'Управление пользователями', 'Управление пользователями', 'sys_adm_m_g_users', 3),
(4, 'Управление меню', 'Управление группами и пунктами меню сайта и панели управления', 'sys_adm_m_g_menu', 4),
(5, 'Настройки', 'Настройки сайта и движка', 'sys_adm_m_g_settings', 6);
#line
CREATE TABLE IF NOT EXISTS `mcr_menu_adm_icons` (
  `id` int(10) NOT NULL AUTO_INCREMENT,
  `title` varchar(32) NOT NULL DEFAULT '',
  `img` varchar(255) NOT NULL DEFAULT '',
  PRIMARY KEY (`id`)
) ENGINE=InnoDB  DEFAULT CHARSET=utf8 AUTO_INCREMENT=24 ;
#line
INSERT INTO `mcr_menu_adm_icons` (`id`, `title`, `img`) VALUES
(1, 'По умолчанию', 'default.png'),
(2, 'Новости', 'news.png'),
(3, 'Пазл', 'puzzle.png'),
(4, 'Пользователь', 'user.png'),
(5, 'Пользователи', 'users.png'),
(6, 'Молоток и гаечный ключ', 'settings.png'),
(7, 'Древо', 'tree.png'),
(8, 'Диаграмма', 'diagram.png'),
(9, 'Лайк', 'like.png'),
(10, 'Документы', 'documents.png'),
(11, 'Иерархия', 'hierarchy.png'),
(12, 'Шестеренка', 'wheel.png'),
(13, 'Комментарии', 'comments.png'),
(14, 'Глаз', 'eye.png'),
(15, 'Группа пользователей', 'groups.png'),
(16, 'График', 'chart.png'),
(17, 'Замок', 'lock.png'),
(18, 'Блоки', 'blocks.png'),
(19, 'Иконка', 'icon.png'),
(20, 'Два листа', 'pages.png'),
(21, 'Монитор', 'monitor.png'),
(22, 'Сеть', 'network.png'),
(23, 'Открытая книга', 'logs.png'),
(24, 'Пустое древо', 'gealogy.png');
#line
CREATE TABLE IF NOT EXISTS `mcr_monitoring` (
  `id` int(10) NOT NULL AUTO_INCREMENT,
  `title` varchar(32) NOT NULL DEFAULT '',
  `text` varchar(255) NOT NULL DEFAULT '',
  `ip` varchar(64) CHARACTER SET latin1 NOT NULL DEFAULT '127.0.0.1',
  `port` int(6) NOT NULL DEFAULT '25565',
  `status` tinyint(1) NOT NULL DEFAULT '0',
  `version` varchar(64) NOT NULL DEFAULT '',
  `online` int(10) NOT NULL DEFAULT '0',
  `slots` int(10) NOT NULL DEFAULT '0',
  `players` text NOT NULL,
  `motd` text NOT NULL,
  `plugins` text NOT NULL,
  `map` varchar(64) NOT NULL DEFAULT '',
  `last_error` text NOT NULL,
  `last_update` int(10) NOT NULL DEFAULT '0',
  `updater` int(10) NOT NULL DEFAULT '60',
  `type` varchar(32) CHARACTER SET latin1 NOT NULL DEFAULT 'MineToolsAPIPing',
  PRIMARY KEY (`id`)
) ENGINE=InnoDB DEFAULT CHARSET=utf8 AUTO_INCREMENT=1 ;
#line
CREATE TABLE IF NOT EXISTS `mcr_news` (
  `id` int(10) NOT NULL AUTO_INCREMENT,
  `cid` int(10) NOT NULL DEFAULT '1' COMMENT 'ID категории',
  `title` varchar(32) NOT NULL DEFAULT '' COMMENT 'Название новости',
  `text_html` text NOT NULL COMMENT 'Текст полного описание(обработанный)',
  `vote` tinyint(1) NOT NULL DEFAULT '1' COMMENT 'Активатор лайков',
  `discus` tinyint(1) NOT NULL DEFAULT '1' COMMENT 'Активатор комметариев',
  `attach` tinyint(1) NOT NULL DEFAULT '0' COMMENT 'Активатор закрепления',
  `hidden` tinyint(1) NOT NULL DEFAULT '0',
  `uid` int(10) NOT NULL DEFAULT '0' COMMENT 'ID добавившего пользователя',
  `date` datetime NOT NULL,
  `img` varchar(255) DEFAULT NULL,
  `data` text DEFAULT NULL COMMENT 'Сведения о новости',
  PRIMARY KEY (`id`),
  KEY `cid` (`cid`),
  KEY `uid` (`uid`),
  KEY `cid_2` (`cid`),
  KEY `uid_2` (`uid`)
) ENGINE=InnoDB DEFAULT CHARSET=utf8 AUTO_INCREMENT=1 ;
#line
CREATE TABLE IF NOT EXISTS `mcr_news_cats` (
  `id` int(10) NOT NULL AUTO_INCREMENT,
  `title` varchar(32) NOT NULL DEFAULT '',
  `description` varchar(255) NOT NULL DEFAULT '',
  `data` text NOT NULL,
  `hidden` tinyint(1) NOT NULL DEFAULT '0',
  PRIMARY KEY (`id`)
) ENGINE=InnoDB  DEFAULT CHARSET=utf8 AUTO_INCREMENT=2 ;
#line
INSERT INTO `mcr_news_cats` (`id`, `title`, `description`, `data`) VALUES
(1, 'Без категории', 'Без категории', '{"time_create":1005553535,"time_last":1005553535,"user":"admin"}');
#line
CREATE TABLE IF NOT EXISTS `mcr_news_views` (
  `id` int(10) NOT NULL AUTO_INCREMENT,
  `nid` int(10) NOT NULL DEFAULT '0',
  `uid` int(10) NOT NULL DEFAULT '-1',
  `ip` varchar(64) CHARACTER SET latin1 NOT NULL DEFAULT '127.0.0.1',
  `time` datetime NOT NULL,
  PRIMARY KEY (`id`),
  KEY `nid` (`nid`),
  KEY `uid` (`uid`),
  KEY `nid_2` (`nid`),
  KEY `uid_2` (`uid`)
) ENGINE=InnoDB DEFAULT CHARSET=utf8 AUTO_INCREMENT=1 ;
#line
CREATE TABLE IF NOT EXISTS `mcr_news_votes` (
  `id` int(10) NOT NULL AUTO_INCREMENT,
  `nid` int(10) NOT NULL DEFAULT '0',
  `uid` int(10) NOT NULL DEFAULT '-1',
  `value` tinyint(1) NOT NULL DEFAULT '1',
  `ip` varchar(64) CHARACTER SET latin1 NOT NULL DEFAULT '127.0.0.1',
  `time` datetime NOT NULL,
  PRIMARY KEY (`id`),
  KEY `nid` (`nid`),
  KEY `uid` (`uid`),
  KEY `nid_2` (`nid`),
  KEY `uid_2` (`uid`)
) ENGINE=InnoDB DEFAULT CHARSET=utf8 AUTO_INCREMENT=1 ;
#line
CREATE TABLE IF NOT EXISTS `mcr_permissions` (
  `id` int(10) NOT NULL AUTO_INCREMENT,
  `title` varchar(64) NOT NULL DEFAULT '',
  `description` varchar(255) NOT NULL DEFAULT '',
  `value` varchar(32) CHARACTER SET latin1 NOT NULL DEFAULT '',
  `system` tinyint(1) NOT NULL DEFAULT '0',
  `type` varchar(32) CHARACTER SET latin1 NOT NULL DEFAULT 'boolean',
  `default` varchar(32) NOT NULL DEFAULT 'false',
  `data` text NOT NULL,
  PRIMARY KEY (`id`),
  UNIQUE KEY `value` (`value`)
) ENGINE=InnoDB  DEFAULT CHARSET=utf8 AUTO_INCREMENT=110 ;
#line
INSERT INTO `mcr_permissions` (`id`, `title`, `description`, `value`, `system`, `type`, `default`, `data`) VALUES
(1, 'Доступ к отладке', 'Дает доступ к системной информации для устранения и выявления неисправностей', 'sys_debug', 1, 'boolean', 'false', '{"time_create":1005553535,"time_last":1005553535,"login_create":"admin","login_last":"admin"}'),
(2, 'Максимальный размер файла', 'Максимально допустимый размер загружаемого файла(КБ)', 'sys_max_file_size', 1, 'float', '1024', '{"time_create":1005553535,"time_last":1005553535,"login_create":"admin","login_last":"admin"}'),
(3, 'Максимальное соотношение', 'Максимальное соотношение скинов и плащей. Подробнее в документации.', 'sys_max_ratio', 1, 'integer', '0', '{"time_create":1005553535,"time_last":1005553535,"login_create":"admin","login_last":"admin"}'),
(4, 'Доступ к мониторингу', 'Доступ к просмотру блока мониторинга серверов', 'sys_monitoring', 1, 'boolean', 'true', '{"time_create":1005553535,"time_last":1005553535,"login_create":"admin","login_last":"admin"}'),
(5, 'Общий доступ', 'Доступ к общедоступным элементам', 'sys_share', 1, 'boolean', 'true', '{"time_create":1005553535,"time_last":1005553535,"login_create":"admin","login_last":"admin"}'),
(6, 'Основной доступ к поиску', 'Если запрещено, то доступ к подмодулям будет так же недоступен, независимо от их настроек.', 'sys_search', 1, 'boolean', 'true', '{"time_create":1005553535,"time_last":1005553535,"login_create":"admin","login_last":"admin"}'),
(7, 'Восстановление пароля', 'Доступ к восстановлению пароля', 'sys_restore', 1, 'boolean', 'true', '{"time_create":1005553535,"time_last":1005553535,"login_create":"admin","login_last":"admin"}'),
(8, 'Доступ к регистрации', 'Позволяет выбранным группам пользователей регистрироваться на сайте', 'sys_register', 1, 'boolean', 'true', '{"time_create":1005553535,"time_last":1005553535,"login_create":"admin","login_last":"admin"}'),
(9, 'Доступ к своему профилю', 'Просмотр собственного профиля и информации о себе', 'sys_profile', 1, 'boolean', 'true', '{"time_create":1005553535,"time_last":1005553535,"login_create":"admin","login_last":"admin"}'),
(10, 'Удаление скина персонажа', 'Доступ к удалению скина персонажа', 'sys_profile_del_skin', 1, 'boolean', 'false', '{"time_create":1005553535,"time_last":1005553535,"login_create":"admin","login_last":"admin"}'),
(11, 'Удаление плаща персонажа', 'Доступ к удалению плаща персонажа', 'sys_profile_del_cloak', 1, 'boolean', 'false', '{"time_create":1005553535,"time_last":1005553535,"login_create":"admin","login_last":"admin"}'),
(12, 'Изменение скина персонажа', 'Доступ к изменению скина персонажа', 'sys_profile_skin', 1, 'boolean', 'false', '{"time_create":1005553535,"time_last":1005553535,"login_create":"admin","login_last":"admin"}'),
(13, 'Изменение плаща персонажа', 'Доступ к изменению плаща персонажа', 'sys_profile_cloak', 1, 'boolean', 'false', '{"time_create":1005553535,"time_last":1005553535,"login_create":"admin","login_last":"admin"}'),
(14, 'Настройки пользователя', 'Доступ к настройкам пользователя', 'sys_profile_settings', 1, 'boolean', 'false', '{"time_create":1005553535,"time_last":1005553535,"login_create":"admin","login_last":"admin"}'),
(15, 'Просмотр списка новостей', 'Доступ к просмотрю списка всех новостей', 'sys_news_list', 1, 'boolean', 'true', '{"time_create":1005553535,"time_last":1005553535,"login_create":"admin","login_last":"admin"}'),
(16, 'Просмотр полных новостей', 'Доступ к просмотру полных новостей', 'sys_news_full', 1, 'boolean', 'true', '{"time_create":1005553535,"time_last":1005553535,"login_create":"admin","login_last":"admin"}'),
(17, 'Просмотр комментариев', 'Доступ к просмотру комментариев', 'sys_comment_list', 1, 'boolean', 'false', '{"time_create":1005553535,"time_last":1005553535,"login_create":"admin","login_last":"admin"}'),
(18, 'Добавление комментариев', 'Доступ к добавлению комментариев', 'sys_comment_add', 1, 'boolean', 'false', '{"time_create":1005553535,"time_last":1005553535,"login_create":"admin","login_last":"admin"}'),
(19, 'Редактирование своих комментариев', 'Доступ к редактированию собственных комментариев', 'sys_comment_edt', 1, 'boolean', 'false', '{"time_create":1005553535,"time_last":1005553535,"login_create":"admin","login_last":"admin"}'),
(20, 'Редактирование всех комментариев', 'Доступ к редактированию комментариев всех пользователей, включая свои независимо от доступа к редактированию своих комментариев', 'sys_comment_edt_all', 1, 'boolean', 'false', '{"time_create":1005553535,"time_last":1005553535,"login_create":"admin","login_last":"admin"}'),
(21, 'Удаление своих комментариев', 'Доступ к удалению собственных комментариев', 'sys_comment_del', 1, 'boolean', 'false', '{"time_create":1005553535,"time_last":1005553535,"login_create":"admin","login_last":"admin"}'),
(22, 'Удаление всех комментариев', 'Доступ к удалению комментариев всех пользователей, включая свои независимо от доступа к удалению своих комментариев', 'sys_comment_del_all', 1, 'boolean', 'false', '{"time_create":1005553535,"time_last":1005553535,"login_create":"admin","login_last":"admin"}'),
(23, 'Авторизация', 'Доступ к авторизации пользователей', 'sys_auth', 1, 'boolean', 'false', '{"time_create":1005553535,"time_last":1005553535,"login_create":"admin","login_last":"admin"}'),
(24, 'Доступ к ПУ', 'Основной доступ к панели управления. Если запрещено, то доступ ко всем элементам ПУ будет закрыт.', 'sys_adm_main', 1, 'boolean', 'false', '{"time_create":1005553535,"time_last":1005553535,"login_create":"admin","login_last":"admin"}'),
(25, 'Управление новостями', 'Управление новостями: добавление, удаление, редактирование', 'sys_adm_news', 1, 'boolean', 'false', '{"time_create":1005553535,"time_last":1005553535,"login_create":"admin","login_last":"admin"}'),
(26, 'Управление категориями', 'Управление категориями новостей: добавление, удаление, редактирование', 'sys_adm_news_cats', 1, 'boolean', 'false', '{"time_create":1005553535,"time_last":1005553535,"login_create":"admin","login_last":"admin"}'),
(27, 'Управление просмотрами новостей', 'Управление просмотрами новостей: удаление', 'sys_adm_news_views', 1, 'boolean', 'false', '{"time_create":1005553535,"time_last":1005553535,"login_create":"admin","login_last":"admin"}'),
(28, 'Управление просмотрами новостей', 'Управление просмотрами новостей: удаление', 'sys_adm_news_votes', 1, 'boolean', 'false', '{"time_create":1005553535,"time_last":1005553535,"login_create":"admin","login_last":"admin"}'),
(29, 'Управление комментариями', 'Управление комментариями: добавление, удаление, редактирование', 'sys_adm_comments', 1, 'boolean', 'false', '{"time_create":1005553535,"time_last":1005553535,"login_create":"admin","login_last":"admin"}'),
(30, 'Управление меню сайта', 'Управление меню сайта: добавление, редактирование, удаление', 'sys_adm_menu', 1, 'boolean', 'false', '{"time_create":1005553535,"time_last":1005553535,"login_create":"admin","login_last":"admin"}'),
(31, 'Управление меню ПУ', 'Управление меню ПУ: добавление, редактирование, удаление', 'sys_adm_menu_adm', 1, 'boolean', 'false', '{"time_create":1005553535,"time_last":1005553535,"login_create":"admin","login_last":"admin"}'),
(32, 'Управление группами меню ПУ', 'Управление группами меню ПУ: добавление, редактирование, удаление', 'sys_adm_menu_groups', 1, 'boolean', 'false', '{"time_create":1005553535,"time_last":1005553535,"login_create":"admin","login_last":"admin"}'),
(33, 'Управление иконками меню ПУ', 'Управление иконками меню ПУ: добавление, редактирование, удаление', 'sys_adm_menu_icons', 1, 'boolean', 'false', '{"time_create":1005553535,"time_last":1005553535,"login_create":"admin","login_last":"admin"}'),
(34, 'Управление пользователями', 'Управление пользователями: добавление, редактирование, удаление, бан, разбан', 'sys_adm_users', 1, 'boolean', 'false', '{"time_create":1005553535,"time_last":1005553535,"login_create":"admin","login_last":"admin"}'),
(35, 'Управление группами пользователей', 'Управление группами пользователей: добавление, редактирование, удаление', 'sys_adm_groups', 1, 'boolean', 'false', '{"time_create":1005553535,"time_last":1005553535,"login_create":"admin","login_last":"admin"}'),
(36, 'Управление привилегиями', 'Управление привилегиями: добавление, редактирование, удаление', 'sys_adm_permissions', 1, 'boolean', 'false', '{"time_create":1005553535,"time_last":1005553535,"login_create":"admin","login_last":"admin"}'),
(37, 'Управление статическими страницами', 'Управление статическими страницами: добавление, редактирование, удаление', 'sys_adm_statics', 1, 'boolean', 'false', '{"time_create":1005553535,"time_last":1005553535,"login_create":"admin","login_last":"admin"}'),
(38, 'Информация о движке', 'Доступ к информации и статистике движка', 'sys_adm_info', 1, 'boolean', 'false', '{"time_create":1005553535,"time_last":1005553535,"login_create":"admin","login_last":"admin"}'),
(39, 'Настройки сайта', 'Доступ к настройкам сайта', 'sys_adm_settings', 1, 'boolean', 'false', '{"time_create":1005553535,"time_last":1005553535,"login_create":"admin","login_last":"admin"}'),
(40, 'Управление мониторингом', 'Управление мониторингом: добавление, редактирование, удаление', 'sys_adm_monitoring', 1, 'boolean', 'false', '{"time_create":1005553535,"time_last":1005553535,"login_create":"admin","login_last":"admin"}'),
(41, 'Управление модулями', 'Доступ к управлению модулями', 'sys_adm_modules', 1, 'boolean', 'false', '{"time_create":1005553535,"time_last":1005553535,"login_create":"admin","login_last":"admin"}'),
(42, 'Поиск по новостям', 'Доступ к поиску по новостям', 'sys_search_news', 1, 'boolean', 'false', '{"time_create":1005553535,"time_last":1005553535,"login_create":"admin","login_last":"admin"}'),
(43, 'Поиск по комментариям', 'Доступ к поиску по комментариям', 'sys_search_comments', 1, 'boolean', 'false', '{"time_create":1005553535,"time_last":1005553535,"login_create":"admin","login_last":"admin"}'),
(44, 'Голосование за новость', 'Доступ к голосованию за новость (Лайки/Дизлайки)', 'sys_news_like', 1, 'boolean', 'false', '{"time_create":1005553535,"time_last":1005553535,"login_create":"admin","login_last":"admin"}'),
(45, 'Группа меню "Разное"', 'Доступ к группе меню "Разное" в панели управления. Входящие в нее пункты будут так же недоступны.', 'sys_adm_m_g_main', 1, 'boolean', 'false', '{"time_create":1005553535,"time_last":1005553535,"login_create":"admin","login_last":"admin"}'),
(46, 'Группа меню "Управление новостями"', 'Доступ к группе меню "Управление новостями" в панели управления. Входящие в нее пункты будут так же недоступны.', 'sys_adm_m_g_news', 1, 'boolean', 'false', '{"time_create":1005553535,"time_last":1005553535,"login_create":"admin","login_last":"admin"}'),
(47, 'Группа меню "Управление пользователями"', 'Доступ к группе меню "Управление пользователями" в панели управления. Входящие в нее пункты будут так же недоступны.', 'sys_adm_m_g_users', 1, 'boolean', 'false', '{"time_create":1005553535,"time_last":1005553535,"login_create":"admin","login_last":"admin"}'),
(48, 'Группа меню "Управление меню"', 'Доступ к группе меню "Управление меню" в панели управления. Входящие в нее пункты будут так же недоступны.', 'sys_adm_m_g_menu', 1, 'boolean', 'false', '{"time_create":1005553535,"time_last":1005553535,"login_create":"admin","login_last":"admin"}'),
(49, 'Группа меню "Настройки"', 'Доступ к группе меню "Настройки" в панели управления. Входящие в нее пункты будут так же недоступны.', 'sys_adm_m_g_settings', 1, 'boolean', 'false', '{"time_create":1005553535,"time_last":1005553535,"login_create":"admin","login_last":"admin"}'),
(50, 'Пункт меню "Новости"', 'Доступ к пункту меню "Новости" в панели управления.', 'sys_adm_m_i_news', 1, 'boolean', 'false', '{"time_create":1005553535,"time_last":1005553535,"login_create":"admin","login_last":"admin"}'),
(51, 'Пункт меню "Категории"', 'Доступ к пункту меню "Категории" в панели управления.', 'sys_adm_m_i_news_cats', 1, 'boolean', 'false', '{"time_create":1005553535,"time_last":1005553535,"login_create":"admin","login_last":"admin"}'),
(52, 'Пункт меню "Комментарии"', 'Доступ к пункту меню "Комментарии" в панели управления.', 'sys_adm_m_i_comments', 1, 'boolean', 'false', '{"time_create":1005553535,"time_last":1005553535,"login_create":"admin","login_last":"admin"}'),
(53, 'Пункт меню "Просмотры"', 'Доступ к пункту меню "Просмотры" в панели управления.', 'sys_adm_m_i_news_views', 1, 'boolean', 'false', '{"time_create":1005553535,"time_last":1005553535,"login_create":"admin","login_last":"admin"}'),
(54, 'Пункт меню "Голоса"', 'Доступ к пункту меню "Голоса" в панели управления.', 'sys_adm_m_i_news_votes', 1, 'boolean', 'false', '{"time_create":1005553535,"time_last":1005553535,"login_create":"admin","login_last":"admin"}'),
(55, 'Пункт меню "Пользователи"', 'Доступ к пункту меню "Пользователи" в панели управления.', 'sys_adm_m_i_users', 1, 'boolean', 'false', '{"time_create":1005553535,"time_last":1005553535,"login_create":"admin","login_last":"admin"}'),
(56, 'Пункт меню "Группы"', 'Доступ к пункту меню "Группы" в панели управления.', 'sys_adm_m_i_groups', 1, 'boolean', 'false', '{"time_create":1005553535,"time_last":1005553535,"login_create":"admin","login_last":"admin"}'),
(57, 'Пункт меню "Привилегии"', 'Доступ к пункту меню "Привилегии" в панели управления.', 'sys_adm_m_i_permissions', 1, 'boolean', 'false', '{"time_create":1005553535,"time_last":1005553535,"login_create":"admin","login_last":"admin"}'),
(58, 'Пункт меню "Меню сайта"', 'Доступ к пункту меню "Меню сайта" в панели управления.', 'sys_adm_m_i_menu', 1, 'boolean', 'false', '{"time_create":1005553535,"time_last":1005553535,"login_create":"admin","login_last":"admin"}'),
(59, 'Пункт меню "Меню ПУ"', 'Доступ к пункту меню "Меню ПУ" в панели управления.', 'sys_adm_m_i_menu_adm', 1, 'boolean', 'false', '{"time_create":1005553535,"time_last":1005553535,"login_create":"admin","login_last":"admin"}'),
(60, 'Пункт меню "Группы меню ПУ"', 'Доступ к пункту меню "Группы меню ПУ" в панели управления.', 'sys_adm_m_i_menu_groups_adm', 1, 'boolean', 'false', '{"time_create":1005553535,"time_last":1005553535,"login_create":"admin","login_last":"admin"}'),
(61, 'Пункт меню "Иконки"', 'Доступ к пункту меню "Иконки" в панели управления.', 'sys_adm_m_i_icons', 1, 'boolean', 'false', '{"time_create":1005553535,"time_last":1005553535,"login_create":"admin","login_last":"admin"}'),
(62, 'Пункт меню "Статические страницы"', 'Доступ к пункту меню "Статические страницы" в панели управления.', 'sys_adm_m_i_statics', 1, 'boolean', 'false', '{"time_create":1005553535,"time_last":1005553535,"login_create":"admin","login_last":"admin"}'),
(63, 'Пункт меню "Настройки сайта"', 'Доступ к пункту меню "Настройки сайта" в панели управления.', 'sys_adm_m_i_settings', 1, 'boolean', 'false', '{"time_create":1005553535,"time_last":1005553535,"login_create":"admin","login_last":"admin"}'),
(64, 'Пункт меню "Мониторинг"', 'Доступ к пункту меню "Мониторинг" в панели управления.', 'sys_adm_m_i_monitor', 1, 'boolean', 'false', '{"time_create":1005553535,"time_last":1005553535,"login_create":"admin","login_last":"admin"}'),
(65, 'Пункт меню "Информация"', 'Доступ к пункту меню "Информация" в панели управления.', 'sys_adm_m_i_info', 1, 'boolean', 'false', '{"time_create":1005553535,"time_last":1005553535,"login_create":"admin","login_last":"admin"}'),
(66, 'Пункт меню "Модули"', 'Доступ к пункту меню "Модули" в панели управления.', 'sys_adm_m_i_modules', 1, 'boolean', 'false', '{"time_create":1005553535,"time_last":1005553535,"login_create":"admin","login_last":"admin"}'),
(67, 'Пункт меню "Логи"', 'Доступ к пункту меню "Логи" в панели управления.', 'sys_adm_m_i_logs', 1, 'boolean', 'false', '{"time_create":1005553535,"time_last":1005553535,"login_create":"admin","login_last":"admin"}'),
(68, 'Файловый загрузчик', 'Доступ к файловому загрузчику', 'sys_adm_manager', 1, 'boolean', 'false', '{"time_create":1005553535,"time_last":1005553535,"login_create":"admin","login_last":"admin"}'),
(69, 'Управление логами', 'Доступ к логам пользователей', 'sys_adm_logs', 1, 'boolean', 'false', '{"time_create":1005553535,"time_last":1005553535,"login_create":"admin","login_last":"admin"}'),
(70, 'Добавление привилегий', 'Доступ к добавлению привилегий', 'sys_adm_permissions_add', 1, 'boolean', 'false', '{"time_create":1005553535,"time_last":1005553535,"login_create":"admin","login_last":"admin"}'),
(71, 'Редактирование привилегий', 'Доступ к редактированию привилегий', 'sys_adm_permissions_edit', 1, 'boolean', 'false', '{"time_create":1005553535,"time_last":1005553535,"login_create":"admin","login_last":"admin"}'),
(72, 'Удаление привилегий', 'Доступ к удалению привилегий', 'sys_adm_permissions_delete', 1, 'boolean', 'false', '{"time_create":1005553535,"time_last":1005553535,"login_create":"admin","login_last":"admin"}'),
(73, 'Добавление комментариев в ПУ', 'Доступ к добавлению комментариев в ПУ', 'sys_adm_comments_add', 1, 'boolean', 'false', '{"time_create":1005553535,"time_last":1005553535,"login_create":"admin","login_last":"admin"}'),
(74, 'Редактирование комментариев в ПУ', 'Доступ к редактирование комментариев в ПУ', 'sys_adm_comments_edit', 1, 'boolean', 'false', '{"time_create":1005553535,"time_last":1005553535,"login_create":"admin","login_last":"admin"}'),
(75, 'Удаление комментариев в ПУ', 'Доступ к удалению комментариев в ПУ', 'sys_adm_comments_delete', 1, 'boolean', 'false', '{"time_create":1005553535,"time_last":1005553535,"login_create":"admin","login_last":"admin"}'),
(76, 'Добавление групп пользователей', 'Доступ к добавлению групп пользователей', 'sys_adm_groups_add', 1, 'boolean', 'false', '{"time_create":1005553535,"time_last":1005553535,"login_create":"admin","login_last":"admin"}'),
(77, 'Редактирование групп пользователей', 'Доступ к редактированию групп пользователей', 'sys_adm_groups_edit', 1, 'boolean', 'false', '{"time_create":1005553535,"time_last":1005553535,"login_create":"admin","login_last":"admin"}'),
(78, 'Удаление групп пользователей', 'Доступ к удалению групп пользователей', 'sys_adm_groups_delete', 1, 'boolean', 'false', '{"time_create":1005553535,"time_last":1005553535,"login_create":"admin","login_last":"admin"}'),
(79, 'Добавление пунктов меню', 'Доступ к добавлению пунктов меню', 'sys_adm_menu_add', 1, 'boolean', 'false', '{"time_create":1005553535,"time_last":1005553535,"login_create":"admin","login_last":"admin"}'),
(80, 'Редактирование пунктов меню', 'Доступ к редактированию пунктов меню', 'sys_adm_menu_edit', 1, 'boolean', 'false', '{"time_create":1005553535,"time_last":1005553535,"login_create":"admin","login_last":"admin"}'),
(81, 'Удаление пунктов меню', 'Доступ к удалению пунктов меню', 'sys_adm_menu_delete', 1, 'boolean', 'false', '{"time_create":1005553535,"time_last":1005553535,"login_create":"admin","login_last":"admin"}'),
(82, 'Добавление пунктов меню панели управления', 'Доступ к добавлению пунктов меню панели управления', 'sys_adm_menu_adm_add', 1, 'boolean', 'false', '{"time_create":1005553535,"time_last":1005553535,"login_create":"admin","login_last":"admin"}'),
(83, 'Редактирование пунктов меню панели управления', 'Доступ к редактированию пунктов меню панели управления', 'sys_adm_menu_adm_edit', 1, 'boolean', 'false', '{"time_create":1005553535,"time_last":1005553535,"login_create":"admin","login_last":"admin"}'),
(84, 'Удаление пунктов меню панели управления', 'Доступ к удалению пунктов меню панели управления', 'sys_adm_menu_adm_delete', 1, 'boolean', 'false', '{"time_create":1005553535,"time_last":1005553535,"login_create":"admin","login_last":"admin"}'),
(85, 'Добавление групп меню панели управления', 'Доступ к добавлению групп меню панели управления', 'sys_adm_menu_groups_add', 1, 'boolean', 'false', '{"time_create":1005553535,"time_last":1005553535,"login_create":"admin","login_last":"admin"}'),
(86, 'Редактирование групп меню панели управления', 'Доступ к редактированию групп меню панели управления', 'sys_adm_menu_groups_edit', 1, 'boolean', 'false', '{"time_create":1005553535,"time_last":1005553535,"login_create":"admin","login_last":"admin"}'),
(87, 'Удаление групп меню панели управления', 'Доступ к удаление групп меню панели управления', 'sys_adm_menu_groups_delete', 1, 'boolean', 'false', '{"time_create":1005553535,"time_last":1005553535,"login_create":"admin","login_last":"admin"}'),
(88, 'Добавление иконок', 'Доступ к добавлению иконок', 'sys_adm_menu_icons_add', 1, 'boolean', 'false', '{"time_create":1005553535,"time_last":1005553535,"login_create":"admin","login_last":"admin"}'),
(89, 'Редактирование иконок', 'Доступ к редактированию иконок', 'sys_adm_menu_icons_edit', 1, 'boolean', 'false', '{"time_create":1005553535,"time_last":1005553535,"login_create":"admin","login_last":"admin"}'),
(90, 'Удаление иконок', 'Доступ к удалению иконок', 'sys_adm_menu_icons_delete', 1, 'boolean', 'false', '{"time_create":1005553535,"time_last":1005553535,"login_create":"admin","login_last":"admin"}'),
(91, 'Добавление серверов в мониторинг', 'Доступ к добавлению серверов в мониторинге', 'sys_adm_monitoring_add', 1, 'boolean', 'false', '{"time_create":1005553535,"time_last":1005553535,"login_create":"admin","login_last":"admin"}'),
(92, 'Редактирование серверов в мониторинге', 'Доступ к редактированию серверов в мониторинге', 'sys_adm_monitoring_edit', 1, 'boolean', 'false', '{"time_create":1005553535,"time_last":1005553535,"login_create":"admin","login_last":"admin"}'),
(93, 'Удаление серверов из мониторинга', 'Доступ к удалению серверов из мониторинга', 'sys_adm_monitoring_delete', 1, 'boolean', 'false', '{"time_create":1005553535,"time_last":1005553535,"login_create":"admin","login_last":"admin"}'),
(94, 'Добавление новостей', 'Доступ к добавлению новостей', 'sys_adm_news_add', 1, 'boolean', 'false', '{"time_create":1005553535,"time_last":1005553535,"login_create":"admin","login_last":"admin"}'),
(95, 'Редактирование новостей', 'Доступ к редактированию новостей', 'sys_adm_news_edit', 1, 'boolean', 'false', '{"time_create":1005553535,"time_last":1005553535,"login_create":"admin","login_last":"admin"}'),
(96, 'Удаление новостей', 'Доступ к удалению новостей', 'sys_adm_news_delete', 1, 'boolean', 'false', '{"time_create":1005553535,"time_last":1005553535,"login_create":"admin","login_last":"admin"}'),
(97, 'Добавление категорий новостей', 'Доступ к добавлению категорий новостей', 'sys_adm_news_cats_add', 1, 'boolean', 'false', '{"time_create":1005553535,"time_last":1005553535,"login_create":"admin","login_last":"admin"}'),
(98, 'Редактирование категорий новостей', 'Доступ к редактированию категорий новостей', 'sys_adm_news_cats_edit', 1, 'boolean', 'false', '{"time_create":1005553535,"time_last":1005553535,"login_create":"admin","login_last":"admin"}'),
(99, 'Удаление категорий новостей', 'Доступ к удалению категорий новостей', 'sys_adm_news_cats_delete', 1, 'boolean', 'false', '{"time_create":1005553535,"time_last":1005553535,"login_create":"admin","login_last":"admin"}'),
(100, 'Добавление статических страниц', 'Доступ к добавлению статических страниц', 'sys_adm_statics_add', 1, 'boolean', 'false', '{"time_create":1005553535,"time_last":1005553535,"login_create":"admin","login_last":"admin"}'),
(101, 'Редактирование статических страниц', 'Доступ к редактированию статических страниц', 'sys_adm_statics_edit', 1, 'boolean', 'false', '{"time_create":1005553535,"time_last":1005553535,"login_create":"admin","login_last":"admin"}'),
(102, 'Удаление статических страниц', 'Доступ к удалению статических страниц', 'sys_adm_statics_delete', 1, 'boolean', 'false', '{"time_create":1005553535,"time_last":1005553535,"login_create":"admin","login_last":"admin"}'),
(103, 'Добавление пользователей', 'Доступ к добавлению пользователей', 'sys_adm_users_add', 1, 'boolean', 'false', '{"time_create":1005553535,"time_last":1005553535,"login_create":"admin","login_last":"admin"}'),
(104, 'Редактирование пользователей', 'Доступ к редактированию пользователей', 'sys_adm_users_edit', 1, 'boolean', 'false', '{"time_create":1005553535,"time_last":1005553535,"login_create":"admin","login_last":"admin"}'),
(105, 'Удаление пользователей', 'Доступ к удалению пользователей', 'sys_adm_users_delete', 1, 'boolean', 'false', '{"time_create":1005553535,"time_last":1005553535,"login_create":"admin","login_last":"admin"}'),
(106, 'Бан/разбан пользователей', 'Доступ к банам и разбанам пользователей', 'sys_adm_users_ban', 1, 'boolean', 'false', '{"time_create":1005553535,"time_last":1005553535,"login_create":"admin","login_last":"admin"}'),
(107, 'Редактирование модулей', 'Доступ к редактированию модулей', 'sys_adm_modules_edit', 1, 'boolean', 'false', '{"time_create":1005553535,"time_last":1005553535,"login_create":"admin","login_last":"admin"}'),
(108, 'Удаление просмотров', 'Доступ к удалению просмотров новостей', 'sys_adm_news_views_delete', 1, 'boolean', 'false', '{"time_create":1005553535,"time_last":1005553535,"login_create":"admin","login_last":"admin"}'),
(109, 'Удаление голосов', 'Доступ к удалению голосов новостей', 'sys_adm_news_votes_delete', 1, 'boolean', 'false', '{"time_create":1005553535,"time_last":1005553535,"login_create":"admin","login_last":"admin"}'),
(110, 'Управление блоками', 'Доступ к управлению блоками', 'sys_adm_blocks', 1, 'boolean', 'false', '{"time_create":1005553535,"time_last":1005553535,"login_create":"admin","login_last":"admin"}'),
(111, 'Пункт меню "Блоки"', 'Доступ к пункту меню "Блоки" в панели управления.', 'sys_adm_m_i_blocks', 1, 'boolean', 'false', '{"time_create":1005553535,"time_last":1005553535,"login_create":"admin","login_last":"admin"}'),
(112, 'Редактирование блоков', 'Доступ к редактированию блоков', 'sys_adm_blocks_edit', 1, 'boolean', 'false', '{"time_create":1005553535,"time_last":1005553535,"login_create":"admin","login_last":"admin"}'),
(113, 'Доступ к блоку онлайна', 'Дает доступ к просмотру блока онлайн статистики', 'block_online', 0, 'boolean', 'true', '{"time_create":1005553535,"time_last":1005553535,"login_create":"admin","login_last":"admin"}'),
(114, 'Доступ к блоку баннера', 'Дает доступ к просмотру блока баннера', 'block_banner', 1, 'boolean', 'true', '{"time_create":1005553535,"time_last":1005553535,"login_create":"admin","login_last":"admin"}');
#line
CREATE TABLE IF NOT EXISTS `mcr_statics` (
  `id` int(10) NOT NULL AUTO_INCREMENT,
  `uniq` varchar(64) CHARACTER SET latin1 NOT NULL DEFAULT '',
  `title` varchar(64) NOT NULL DEFAULT '',
  `text_bb` longtext NOT NULL,
  `text_html` longtext NOT NULL,
  `uid` int(10) NOT NULL DEFAULT '0',
  `permissions` varchar(64) CHARACTER SET latin1 NOT NULL DEFAULT '',
  `data` text NOT NULL,
  PRIMARY KEY (`id`),
  UNIQUE KEY `uniq` (`uniq`),
  KEY `uid` (`uid`)
) ENGINE=InnoDB DEFAULT CHARSET=utf8 AUTO_INCREMENT=1 ;
#line
CREATE TABLE IF NOT EXISTS `~us~` (
  `~us_id~` int(11) NOT NULL AUTO_INCREMENT,
  `~us_gid~` int(11) NOT NULL DEFAULT '1',
  `~us_login~` varchar(32) CHARACTER SET latin1 NOT NULL DEFAULT '',
  `~us_uuid~` binary(16) NOT NULL DEFAULT '',
  `~us_email~` varchar(64) CHARACTER SET latin1 NOT NULL DEFAULT '',
  `~us_pass~` varchar(128) CHARACTER SET latin1 NOT NULL DEFAULT '',
  `~us_salt~` varchar(128) NOT NULL DEFAULT '',
  `~us_tmp~` varchar(128) CHARACTER SET latin1 NOT NULL DEFAULT '',
  `~us_is_skin~` tinyint(1) NOT NULL DEFAULT '0',
  `~us_is_cloak~` tinyint(1) NOT NULL DEFAULT '0',
  `~us_ip_last~` varchar(64) CHARACTER SET latin1 NOT NULL DEFAULT '127.0.0.1',
  `~us_date_reg~` datetime NOT NULL,
  `~us_date_last~` datetime NOT NULL,
  `~us_gender~` enum('male','no_set','female') NOT NULL DEFAULT 'no_set',
  `~us_ban_server~` tinyint(1) NOT NULL DEFAULT '0',
  PRIMARY KEY (`~us_id~`),
  UNIQUE KEY `~us_login~` (`~us_login~`),
  UNIQUE KEY `~us_email~` (`~us_email~`),
  UNIQUE KEY `~us_uuid~` (`~us_uuid~`),
  KEY `~us_gid~` (`~us_gid~`),
  KEY `~us_login~_2` (`~us_login~`)
) ENGINE=InnoDB DEFAULT CHARSET=utf8 AUTO_INCREMENT=1 ;
#line
ALTER TABLE `mcr_l10n_phrases`
  ADD CONSTRAINT `mcr_l10n_phrases_ibfk_1` FOREIGN KEY (`language_id`) REFERENCES `mcr_l10n_languages` (`id`) ON DELETE CASCADE ON UPDATE CASCADE;
#line
ALTER TABLE `mcr_l10n_languages`
  ADD CONSTRAINT `mcr_l10n_languages_ibfk_1` FOREIGN KEY (`parent_language`) REFERENCES `mcr_l10n_languages` (`id`) ON DELETE CASCADE ON UPDATE CASCADE;
#line
ALTER TABLE `mcr_news_comments`
  ADD CONSTRAINT `mcr_comments_ibfk_2` FOREIGN KEY (`uid`) REFERENCES `~us~` (`~us_id~`) ON DELETE CASCADE ON UPDATE CASCADE,
  ADD CONSTRAINT `mcr_comments_ibfk_1` FOREIGN KEY (`nid`) REFERENCES `mcr_news` (`id`) ON DELETE CASCADE ON UPDATE CASCADE;
#line
ALTER TABLE `mcr_files`
  ADD CONSTRAINT `mcr_files_ibfk_1` FOREIGN KEY (`uid`) REFERENCES `~us~` (`~us_id~`) ON DELETE CASCADE ON UPDATE CASCADE;
#line
ALTER TABLE `mcr_iconomy`
  ADD CONSTRAINT `mcr_iconomy_ibfk_1` FOREIGN KEY (`login`) REFERENCES `~us~` (`~us_login~`) ON DELETE CASCADE ON UPDATE CASCADE;
#line
ALTER TABLE `mcr_menu_adm`
  ADD CONSTRAINT `mcr_menu_adm_ibfk_1` FOREIGN KEY (`gid`) REFERENCES `mcr_menu_adm_groups` (`id`) ON DELETE CASCADE ON UPDATE CASCADE;
#line
ALTER TABLE `mcr_news`
  ADD CONSTRAINT `mcr_news_ibfk_1` FOREIGN KEY (`cid`) REFERENCES `mcr_news_cats` (`id`) ON DELETE CASCADE ON UPDATE CASCADE,
  ADD CONSTRAINT `mcr_news_ibfk_2` FOREIGN KEY (`uid`) REFERENCES `~us~` (`~us_id~`) ON DELETE CASCADE ON UPDATE CASCADE;
#line
ALTER TABLE `mcr_news_views`
  ADD CONSTRAINT `mcr_news_views_ibfk_2` FOREIGN KEY (`uid`) REFERENCES `~us~` (`~us_id~`) ON DELETE CASCADE ON UPDATE CASCADE,
  ADD CONSTRAINT `mcr_news_views_ibfk_1` FOREIGN KEY (`nid`) REFERENCES `mcr_news` (`id`) ON DELETE CASCADE ON UPDATE CASCADE;
#line
ALTER TABLE `mcr_news_votes`
  ADD CONSTRAINT `mcr_news_votes_ibfk_2` FOREIGN KEY (`uid`) REFERENCES `~us~` (`~us_id~`) ON DELETE CASCADE ON UPDATE CASCADE,
  ADD CONSTRAINT `mcr_news_votes_ibfk_1` FOREIGN KEY (`nid`) REFERENCES `mcr_news` (`id`) ON DELETE CASCADE ON UPDATE CASCADE;
#line
ALTER TABLE `mcr_statics`
  ADD CONSTRAINT `mcr_statics_ibfk_1` FOREIGN KEY (`uid`) REFERENCES `~us~` (`~us_id~`) ON DELETE CASCADE ON UPDATE CASCADE;
#line
ALTER TABLE `~us~`
  ADD CONSTRAINT `~us~_ibfk_1` FOREIGN KEY (`~us_gid~`) REFERENCES `~ug~` (`~ug_id~`) ON DELETE CASCADE ON UPDATE CASCADE;
#line