CREATE TABLE IF NOT EXISTS `mcr_l10n_phrases` (
  `id` int(10) NOT NULL AUTO_INCREMENT,
  `language_id` int(10) DEFAULT NULL,
  `phrase_key` varchar(128) NOT NULL,
  `phrase_value` text NOT NULL,
  `module_id` int(10) DEFAULT NULL,
  PRIMARY KEY (`id`),
  UNIQUE KEY `phrase_key` (`phrase_key`)
) ENGINE=InnoDB DEFAULT CHARSET=utf8 AUTO_INCREMENT=1 ;
#line
CREATE TABLE IF NOT EXISTS `mcr_l10n_languages` (
  `id` int(10) NOT NULL AUTO_INCREMENT,
  `parent_language` int(10) DEFAULT NULL,
  `language` varchar(255) NOT NULL,
  `settings` text NOT NULL,
  `phrases` text NOT NULL,
  PRIMARY KEY (`id`),
  UNIQUE KEY `language` (`language`)
) ENGINE=InnoDB DEFAULT CHARSET=utf8 AUTO_INCREMENT=1 ;
#line
INSERT INTO `mcr_l10n_languages` (`id`, `language`, `settings`, `phrases`) VALUES
  (1, 'ru-RU', '{"title":"Русский","locale":"ru-RU","text_direction":"left_to_right","date_format":"d.m.Y","time_format":"H:i:s"}', '{"access_by_admin":"Доступ к профилю ограничен администрацией","action":"Действие","add-economy_error":"Произошла ошибка добавления поля экономики","add_comment":"Добавление комментария","alert":"Оповещение","attach":"Закрепить","attach_success":"Статус закрепления успешно изменен","attached":"Закреплено","auth":"Авторизация","auth_access":"Вам запрещена авторизация","auth_already":"Вы уже авторизованны","auth_required":"Для доступа к профилю необходима авторизация","auth_success":"Вы успешно авторизовались","author_user":"Автор WebMCR & Разработчик предыдущих версий","back":"« Назад","balance":"Баланс","bb_c_bgcolor":"Цвет фона","bb_c_center":"Выравнивание по центру","bb_c_code":"Код [php|html|css|javascript]","bb_c_color":"Цвет текста","bb_c_email":"E-Mail","bb_c_font":"Шрифт [Arial|Arial Black|Comic Sans MS|Courier New|Georgia|Impact|Tahoma|Times New Roman|Trebuchet MS|Verdana]","bb_c_font_size":"Размер шрифта [1-7]","bb_c_img":"Изображение","bb_c_indent":"Отступ","bb_c_italic":"Курсив","bb_c_left":"Выравнивание по левому краю","bb_c_line":"Горизонтальная линия","bb_c_link":"Ссылка [URL]","bb_c_list":"Список [markers|numbers]","bb_c_offtop":"Оффтоп","bb_c_quote":"Цитата [Логин | 00.00.00 - 00=>00=>00]","bb_c_remove":"Удалить все теги","bb_c_reverse":"Текст в обратном порядке","bb_c_right":"Выравнивание по правому краю","bb_c_smiles":"Смайлики","bb_c_spoiler":"Спойлер [Название]","bb_c_strike":"Зачеркнутый","bb_c_strong":"Жирный","bb_c_underl":"Подчеркнутый","bb_c_video":"Видео [youtube|vine|vk|vimeo|coub|twitch]","bb_ingert_bg":"Цвет фона","bb_insert_code":"Вставка кода","bb_insert_color":"Цвет текста","bb_insert_email":"Вставка E-Mail адреса","bb_insert_font":"Шрифт","bb_insert_img":"Вставка изображения","bb_insert_link":"Вставка ссылки","bb_insert_list":"Список","bb_insert_size":"Размер текста","bb_insert_spoiler":"Вставка спойлера","bb_insert_video":"Вставка видео","bb_list_mark":"Маркированный","bb_list_num":"Нумерованный","bb_ph_email":"E-Mail адрес","bb_ph_img":"Ссылка на изображение","bb_ph_spoiler":"Название спойлера","bb_ph_text":"Текст","bb_ph_url":"Ссылка","bb_ph_video":"Ссылка на видео","bb_spoiler":"Нумерованный","bb_v_coub":"Coub","bb_v_twitch":"Twitch","bb_v_vimeo":"Vimeo","bb_v_vine":"Vine","bb_v_vk":"ВКонтакте","bb_v_youtube":"YouTube","block_cfg_incorrect":"Конфигурация блока задана неверно","block_cfg_not_found":"Конфигурация блока не найдена","block_cfg_unsave":"Конфигурация не сохранена","block_download":"Скачать","block_edit":"Редактирование","block_edit_page_name":"Редактирование блока","block_edit_success":"Блок успешно изменен","block_empty":"Нет доступных блоков","block_field_action":"Действие","block_field_action2":"Действие с блоками","block_field_author":"Автор","block_field_email":"E-Mail","block_field_name":"Название","block_field_pos":"Позиция","block_field_site":"Сайт","block_field_status":"Статус","block_field_upd":"Обновления","block_field_url":"Источник обновлений","block_field_ver":"Версия","block_last_version":"(У вас установлена последняя версия)","block_new_version":"Есть новая версия -","block_not_check":"(Не удалось проверить версию)","block_off":"Выключен","block_off1":"Выключены","block_on":"Включен","block_on1":"Включены","blocks":"Блоки","btn_add":"Добавить","btn_cancel":"Отмена","btn_delete":"Удалить","btn_edit":"Редактировать","btn_insert":"Вставить","btn_no":"Нет","btn_restore":"Восстановить","btn_save":"Сохранить","btn_search":"Поиск","btn_yes":"Да","by_comments":"По комментариям","by_news":"По новостям","by_user":"пользователем","categories":"Категории новостей","category":"Категория","class_not_found":"Объект %s не найден","cloak_access_by_admin":"Удаление плаща ограничено администрацией","cloak_edit_by_admin":"Изменение плаща ограничено администрацией","cloak_folder_permission_error":"Отсутствуют права на запись папки плащей","cloak_intf_permission_error":"Отсутствуют права на запись папки плащей-интерфейсов","cloak_not_set":"Плащ не установлен","cloak_permission_error":"Отсутствуют права на запись","cloak_success_del":"Ваш плащ успешно удален","cloak_success_edit":"Ваш плащ успешно изменен","close_for_tech_work":"На сайте ведутся технические работы. Вход только для администрации.","close_time_for1":"Доступ на сайт закрыт на неопределенный срок","close_time_for2":"Доступ на сайт закрыт до","cn_accept":"Удаление категорий приведет к удалению всех новостей в выбранных категориях. Вы уверены, что хотите удалить выбранные элементы?","cn_add":"Добавление","cn_add_page_name":"Добавление категории","cn_add_success":"Категория успешно добавлена","cn_del_elements":"Удалено элементов=> ","cn_del_elements4":"Выбранные элементы успешно удалены","cn_del_elements5":"голосов -","cn_edit":"Редактирование","cn_edit_page_name":"Редактирование категории","cn_edit_success":"Категория успешно изменена","cn_empty":"Нет доступных категорий","cn_field_action":"Действие","cn_field_action2":"Действие с категориями","cn_field_desc":"Описание","cn_field_name":"Название","cn_not_selected":"Не выбрано ни одного пункта","com_add_success":"Комментарий успешно добавлен","com_del_elements":"Удалено элементов=> ","com_del_empty":"Ничего не удалено","com_del_success":"Выбранный комментарий успешно удален","com_disabled":"Комментарии отключены для данной новости","com_edit_success":"Комментарий успешно отредактирован","com_load_success":"Комментарий успешно получен","com_msg_empty":"Не заполнено поле \'Сообщение\'","com_msg_incorrect":"Не верно заполнено поле сообщения","com_not_selected":"Не выбрано ни одного пункта","com_perm_add":"У вас нет доступа для добавления комментариев","com_perm_del":"У вас нет прав на удаление комментариев","com_perm_edit":"У вас нет доступа для изменения комментариев","com_unauth":"Вы не авторизованы","com_vote_disabled":"Голосование для данной новости отключено","com_vote_perm":"У вас нет доступа для голосования","com_vote_success":"Голос успешно учтен","com_wait":"Для повторного добавления комментария необходимо подождать","com_wait1":"сек.","com_without_news":"Без новости","coments_quote":"Цитировать","comment_accept":"Вы уверены, что хотите удалить выбранные комментарии","comment_action":"Действие с комментариями","comment_add_page_name":"Добавление комментария","comment_add_success":"Комментарий успешно добавлен","comment_adding":"Добавление","comment_col_comment":"Комментарий","comment_col_news":"Новость","comment_col_user":"Пользователь","comment_edit_page_name":"Редактирование комментария","comment_edit_success":"Комментарий успешно изменен","comment_editing":"Редактирование","comment_empty":"Не заполнено поле \'Комментарий\'","comment_incorrect":"Не верно заполнено поле \'Комментарий\'","comment_not_exist":"Нет доступных комментариев","comment_text":"Текст комментария","comments":"Комментарии","comments_access_denied":"У вас нет доступа, чтобы просматривать комментарии","congratulation":"Поздравляем!","connection_error":"Невозможно соединиться с базой данных. Проверьте ее доступность для подключения правильность вводимых данных.","copyright":"Полное или частичное копирование сайта %s запрещено.","count_all":"Всего","cur_game":"майн.","cur_real":"руб.","date_create":"Дата создания","date_registration":"Дата регистрации","db_host":"Адрес хоста","db_name":"Имя базы данных","db_pass":"Пароль пользователя","db_port":"Порт","db_user":"Имя пользователя","deb_db_err":"Ошибки базы","deb_kb":"кб","deb_memory":"Использовано памяти","deb_method":"Метод","deb_name":"Отладка","deb_num_q":"Запросов к базе","deb_os":"Операционная система","deb_php_err":"Ошибки PHP","deb_php_ver":"Версия PHP","deb_plt":"Время загрузки страницы","deb_protocol":"Протокол","deb_script":"Адрес скрипта","deb_sec":"сек.","delete":"Удалить","delete_cloak":"Удалить плащ","delete_skin":"Удалить скин","dev_user":"Разработчик новых версий","developer":"Разработчик","disabled_by_admin":"Комментарии в данной новости были отключены администрацией","documentation":"Документация","donate":"Пожертвования","download_client":"СКАЧАТЬ КЛИЕНТ","drop_cloak_here":"Перенесите сюда новый плащ персонажа","drop_skin_here":"Перенесите сюда новый скин персонажа","e_valid_oldpass":"Неверно введен старый пароль","e_valid_repass":"Пароли не совпадают","edit":"Редактировать","email":"E-Mail","email-format_error":"Неверный формат E-Mail адреса","email_empty_field":"Не заполнено поле E-Mail","empty":"Нет доступных серверов","empty_panel_menu_group":"Нет доступного меню","empty_panel_menu_list":"Нет доступных пунктов меню","empty_query":"Не заданы критерии поиска","empty_result":"Ничего не найдено","error_403":"Доступ запрещен","error_404":"Страница не найдена","error_advice_found":"Советов нет","error_attention":"Внимание!","error_captcha":"Неверно введена каптча","error_cloak_folder_temp":"Отсутствует временная папка","error_cloak_format":"Вам недоступен данный формат","error_cloak_isnt_png":"Разрешено загружать только png","error_cloak_load":"Ошибка загрузки плаща!","error_cloak_save":"Ошибка сохранения плаща","error_cloak_size":"Привышен максимально допустимый размер файла","error_cloak_tempfile":"Отсутствует временный файл","error_critical":"Обратитесь к администрации","error_hack":"Hacking Attempt!","error_in_data_for_db-connection":"Неверно указаны данные для подключения к базе","error_install":"Необходима установка","error_mail_send":"Ошибка отправки сообщения","error_message":"Ошибка!","error_method":"Метод не поддерживается","error_mode_found":"Страница не найдена","error_module":"Модуль недоступен","error_patch_exist":"Патч не найден","error_patch_install":"Ошибка установки патча","error_save_config":"Ошибка сохранения файла конфигурации","error_skin_folder_temp":"Отсутствует временная папка","error_skin_format":"Вам недоступен данный формат","error_skin_isnt_png":"Разрешено загружать только png","error_skin_load":"Ошибка загрузки скина!","error_skin_save":"Ошибка сохранения скина","error_skin_tempfile":"Отсутствует временный файл","error_sql_charset":"Ошибка установки кодировки баз дынных","error_sql_connect":"Ошибка соединения с базой","error_sql_critical":"Критическая ошибка баз данных. Обратитесь к администрации.","error_success":"Поздравляем!","error_unknown":"Неизвестная ошибка","error_warn":"Обнаружена ошибка!","extensions":"Дополнения","f_bday":"Дата рождения","f_gender":"Пол","f_gmoney":"Игровой баланс","f_info":"Информация","f_lname":"Фамилия","f_name":"Имя","f_oldpass":"Старый пароль","f_repass":"Повторите пароль","f_rmoney":"Реальный баланс","f_settings":"Настройки","f_skin":"Образ","fixing":"Закрепление","fm":"Файловый менеджер","fm_error_of_delete":"Ничего не удалено","fm_error_of_load":"Ошибка загрузки файла","fm_error_of_load_on_server":"Файл не был загружен на сервер","fm_error_of_perm":"Отсутствуют права на запись","fm_error_of_size_limit":"Превышен лимит по объему","fm_file_not_found":"Нет доступных файлов","fm_no_one_error":"Ни один файл не был загружен.","fm_not_found_error":"Файл не найден","fm_not_selected":"Не выбрано ни одного файла","fm_ph":"Выберите файлы или перенесите их сюда","fm_success_del":"Файл успешно удален","fm_success_edit":"Файл успешно изменен","fm_success_load":"Файлы успешно получены","fm_success_upload":"Файлы успешно получены","fm_temp_file_error":"Отсутствует временный файл","fm_uniq_exist_error":"Идентификатор уже занят","fm_uniq_fill_error":"Не заполнено поле идентификатора","fm_unknown_error":"Неизвестная ошибка","gender":"Пол","gender_m":"Мужской","gender_n":"Не задано","gender_w":"Женский","general":"Основные","go_out":"Выход","group":"Группа","group-update_error":"Произошла ошибка обновления пользовательской группы","groups":"Группы пользователей","grp_accept":"Удаление групп приведет к удалению всех входящих в них пользователей. Вы уверены, что хотите удалить выбранные элементы?","grp_action":"Действие с группами","grp_add":"Добавление","grp_add_page_name":"Добавление группы","grp_def_val":"Значение по умолчанию","grp_del_msg1":"Удалено элементов=> ","grp_del_success":"Группа пользователей успешно добавлена","grp_e_color_format":"Неверный формат цвета","grp_edit":"Редактирование","grp_edit_page_name":"Редактирование группы","grp_edit_success":"Группа пользователей успешно изменена","grp_empty":"Нет доступных групп пользователей","grp_field_act":"Действие","grp_field_desc":"Описание","grp_field_name":"Название","grp_field_perm":"Привилегии","grp_not_selected":"Не выбрано ни одного пункта","guest":"Гость","guest_descrption":"Группа неавторизованных пользователей","home":"Главная","icons":"Иконки","info":"Информация","info_and_stats":"Информация и статистика","info_count_cats":"Категорий","info_count_coms":"Комментариев","info_count_groups":"Всего групп","info_count_news":"Новостей","info_count_perms":"Привилегий","info_count_statics":"Статических страниц","info_count_users":"Всего пользователей","info_count_views":"Просмотров","info_count_votes":"Голосов","info_eng_ver":"Версия движка","info_eng_ver_dev":"Dev версия","info_eng_ver_git":"Версия на GitHub","info_eng_ver_last":"Последняя стабильная версия","info_eng_ver_now":"Текущая версия","info_ext":"Дополнения","info_news":"Новости","info_news_stats":"Статистика новостей","info_other":"Разное","info_stats":"Статистика","info_users_stats":"Статистика пользователей","information":"Информация","ip":"IP","last_activity":"Последнее действие","loading":"Загрузка...","log_add_bi":"Добавление группы меню панели управления","log_add_cn":"Добавление категории новостей","log_add_com":"Добавление комментария","log_add_grp":"Добавление группы пользователей","log_add_mcp":"Добавление пункта меню панели управления","log_add_menu":"Добавление пунктов меню сайта","log_add_mgrp":"Добавление группы меню панели управления","log_add_mi":"Добавление группы меню панели управления","log_add_mon":"Добавление сервера в мониторинг","log_add_news":"Добавление новости","log_add_perm":"Добавление привилегии","log_add_stc":"Добавление статической страницы","log_add_user":"Добавление нового пользователя","log_auth":"Авторизация пользователя на сайте","log_ban_user":"Изменение статуса бана пользователей","log_block":"в ПУ","log_change_blocks":"Изменение статусов блоков","log_change_modules":"Изменение статусов модулей","log_cn":"в ПУ","log_com_add":"Добавление комментария","log_com_del":"Удаление комментария","log_com_edit":"Редактирование комментария","log_com_in_cp":"в ПУ","log_com_vote":"Голосование за новость","log_del_bi":"Удаление иконок","log_del_cn":"Удаление категорий новостей","log_del_com":"Удаление комментариев","log_del_grp":"Удаление групп пользователей","log_del_mcp":"Удаление пунктов меню панели управления","log_del_menu":"Удаление пунктов меню сайта","log_del_mgrp":"Удаление групп меню панели управления","log_del_mi":"Удаление иконок","log_del_mon":"Удаление серверов из мониторинга","log_del_news":"Удаление новостей","log_del_nv":"Удаление просмотров","log_del_nvt":"Удаление голосов","log_del_perm":"Удаление привилегий групп","log_del_stc":"Удаление статических страниц","log_del_user":"Удаление пользователей","log_delete_cloak":"Удаление плаща в профиле","log_delete_skin":"Удаление скина в профиле","log_edit_block":"Редактирование блока","log_edit_cl":"Изменение плаща в профиле","log_edit_cn":"Редактирование категории новостей","log_edit_com":"Редактирование комментария","log_edit_grp":"Редактирование группы пользователей","log_edit_mcp":"Редактирование пункта меню в панели управления","log_edit_menu":"Редактирование пунктов меню сайта","log_edit_mgrp":"Редактирование группы меню панели управления","log_edit_mi":"Редактирование иконки","log_edit_mod":"Редактирование модуля","log_edit_mon":"Редактирование сервера в мониторинг","log_edit_news":"Редактирование новости","log_edit_perm":"Редактирование привилегии","log_edit_sk":"Изменение скина в профиле","log_edit_stc":"Редактирование статической страницы","log_edit_user":"Редактирование пользователя","log_grp":"в ПУ","log_logout":"Выход пользователя с сайта","log_mcp":"в ПУ","log_menu":"в ПУ","log_mgrp":"в ПУ","log_mi_in_cp":"в ПУ","log_mod_in_cp":"в ПУ","log_mon_in_cp":"в ПУ","log_new_del":"Удаление новости","log_news":"в ПУ","log_nv":"в ПУ","log_nvt_in_cp":"в ПУ","log_perm":"в ПУ","log_reg":"Регистрация пользователя","log_save_patch":"Изменение патча CMS на ","log_set_base_save":"Редактирование настроек базы в ПУ","log_set_func_save":"Редактирование настроек функций в ПУ","log_set_mail_save":"Редактирование настроек почты в ПУ","log_set_main_save":"Редактирование основных настроек в ПУ","log_set_pagin_save":"Редактирование настроек постраничной навигации в ПУ","log_set_search_save":"Редактирование настроек поиска в ПУ","log_settings":"Изменение настроек пользователя","log_stc_in_cp":"в ПУ","log_user":"в ПУ","login":"Логин","login-email_exist_error":"Запрещено использовать данный логин и/или E-Mail","login_format_error":"Логин может состоять только из символов a-zA-Z0-9_- и быть не менее 3-х символов","login_or_email":"Логин или E-Mail","logout_success":"Вы успешно покинули свой аккаунт","logs":"Лог действий","logs_action":"Действие","logs_date":"Дата","logs_empty":"Нет доступных логов","logs_user":"Пользователь","logs_views":"Просмотров","mail":"Почта","mail_from":"От кого (E-Mail)","mail_from_desc":"С какого почтового ящика было отправлено сообщение","mail_from_name":"От кого (Имя)","mail_from_name_desc":"От чьего имени было отправлено сообщение","mail_reply":"E-Mail ответа","mail_reply_name":"Имя E-Mail ответа","manucp":"Меню ПУ","mcp_accept":"Вы уверены, что хотите удалить выбранные элементы?","mcp_add":"Добавление","mcp_add_page_name":"Добавление меню","mcp_add_success":"Пункт меню успешно добавлен","mcp_del_elements":"Удалено элементов=> ","mcp_edit":"Редактирование","mcp_edit_page_name":"Редактирование меню","mcp_edit_success":"Пункт меню успешно изменен","mcp_empty":"Нет доступных пунктов меню","mcp_field_access":"Уровень доступа","mcp_field_action":"Действие","mcp_field_action2":"Действие с меню","mcp_field_desc":"Описание","mcp_field_group":"Группа","mcp_field_icon":"Иконка","mcp_field_link":"Ссылка","mcp_field_name":"Название","mcp_field_priority":"Приоритет","mcp_field_target":"Открытие","mcp_not_selected":"Не выбрано ни одного пункта","mcp_perm_not_exist":"Привилегия не существует","mcp_target_blank":"В новой вкладке","mcp_target_self":"В текущей вкладке","mcp_top_lvl":"Верхний уровень","menu":"Меню сайта","menu_accept":"Удаление пунктов меню приведет к удалению всех входящих в них пунктов. Вы уверены, что хотите удалить выбранные элементы?","menu_add":"Добавление","menu_add_page_name":"Добавление меню","menu_add_success":"Пункт меню успешно добавлен","menu_del_elements":"Удалено элементов=> ","menu_edit":"Редактирование","menu_edit_page_name":"Редактирование меню","menu_edit_success":"Пункт меню успешно изменен","menu_empty":"Нет доступных пунктов меню","menu_field_access":"Уровень доступа","menu_field_action":"Действие","menu_field_action2":"Действие с меню","menu_field_link":"Ссылка","menu_field_name":"Название","menu_field_parent":"Родитель","menu_field_pos":"Позиция","menu_field_style":"Стилевой класс","menu_field_target":"Открытие","menu_not_selected":"Не выбрано ни одного пункта","menu_perm_not_exist":"Привилегия не существует","menu_target_blank":"В новой вкладке","menu_target_self":"В текущей вкладке","menu_top_lvl":"Верхний уровень","menugrp":"Группы меню ПУ","message":"Сообщение","method_in_class_not_found":"Метод %s в классе %s не найден","method_not_found":"Метод %s не найден","mgrp_accept":"Удаление групп меню приведет к удалению всех входящих в них элементов меню. Вы уверены, что хотите удалить выбранные элементы?","mgrp_add":"Добавление","mgrp_add_page_name":"Добавление группы","mgrp_add_success":"Группа меню успешно добавлена","mgrp_del_elements":"Удалено элементов=> ","mgrp_edit":"Редактирование","mgrp_edit_page_name":"Редактирование группы","mgrp_edit_success":"Группа меню успешно изменена","mgrp_empty":"Нет доступных групп меню","mgrp_field_access":"Уровень доступа","mgrp_field_action":"Действие","mgrp_field_action2":"Действие с меню","mgrp_field_desc":"Описание","mgrp_field_name":"Название","mgrp_field_perm":"Привилегии","mgrp_field_priority":"Приоритет","mgrp_not_selected":"Не выбрано ни одного пункта","mgrp_perm_not_exist":"Привилегия не существует","mi_accept":"Вы уверены, что хотите удалить выбранные элементы?","mi_add":"Добавление","mi_add_page_name":"Добавление иконки","mi_add_success":"Иконка меню успешно добавлена","mi_del_elements":"Удалено элементов=> ","mi_edit":"Редактирование","mi_edit_page_name":"Редактирование иконки","mi_edit_success":"Иконка меню успешно изменена","mi_empty":"Нет доступных иконок","mi_field_action":"Действие","mi_field_action2":"Действие с иконками","mi_field_img":"Изображение","mi_field_name":"Название","mi_not_selected":"Не выбрано ни одного пункта","mi_perm_not_exist":"Привилегия не существует","miniprofile":"Мини-профиль","mn_empty":"Нет доступных серверов","mn_srv_offline":"Сервер оффлайн","mn_success":"Серверы успешно получены","mod_cfg_incorrect":"Конфигурация модуля задана неверно","mod_cfg_not_found":"Конфигурация модуля не найдена","mod_cfg_unsave":"Конфигурация не сохранена","mod_download":"Скачать","mod_edit":"Редактирование","mod_edit_page_name":"Редактирование модуля","mod_edit_success":"Модуль успешно изменен","mod_empty":"Нет доступных модулей","mod_field_action":"Действие","mod_field_action2":"Действие с модулями","mod_field_author":"Автор","mod_field_email":"E-Mail","mod_field_name":"Название","mod_field_site":"Сайт","mod_field_status":"Статус","mod_field_upd":"Обновления","mod_field_url":"Источник обновлений","mod_field_ver":"Версия","mod_last_version":"(У вас установлена последняя версия)","mod_name":"Панель управления","mod_new_version":"Есть новая версия -","mod_not_check":"(Не удалось проверить версию)","mod_off":"Выключен","mod_off1":"Выключены","mod_on":"Включен","mod_on1":"Включены","module_admin-panel":"Панель управления","module_ajax":"Ajax","module_auth":"Авторизация","module_close-site":"Технические работы","module_filemanager":"Файловый загрузчик","module_logout":"Выход","module_news":"Новости","module_profile":"Профиль","module_register":"Регистрация","module_restore":"Восстановление пароля","module_search":"Поиск","module_statics":"Статические страницы","modules":"Модули","mon_accept":"Вы уверены, что хотите удалить выбранные элементы?","mon_add":"Добавление","mon_add_page_name":"Добавление сервера","mon_add_success":"Сервер успешно добавлен","mon_del_elements":"Удалено элементов=> ","mon_edit":"Редактирование","mon_edit_page_name":"Редактирование сервера","mon_edit_success":"Сервер успешно изменен","mon_empty":"Нет доступных серверов в мониторинге","mon_field_action":"Действие","mon_field_action2":"Действие с серверами","mon_field_addr":"Адрес","mon_field_cache":"Время кэша (сек.)","mon_field_desc":"Описание","mon_field_error":"Последняя ошибка","mon_field_ip":"IP адрес","mon_field_name":"Название","mon_field_port":"Порт","mon_field_type":"Тип","mon_not_selected":"Не выбрано ни одного пункта","mon_perm_not_exist":"Привилегия не существует","money":"Игровой баланс","monitoring":"Мониторинг серверов","new_pass":"Новый пароль","news":"Новости","news_accept":"Вы уверены, что хотите удалить выбранные элементы?","news_access_denied":"У вас нет доступа для просмотра новостей","news_add":"Добавление","news_add_page_name":"Добавление новости","news_add_success":"Новость успешно добавлена","news_add_time_error":"Время указано неправильно.","news_del_elements":"Удалено элементов=> ","news_e_cat_not_exist":"Категория не существует","news_e_desc":"Не заполнено поле \'Полное описание\'","news_e_sdesc":"Не заполнено поле \'Краткое описание\'","news_edit":"Редактирование","news_edit_page_name":"Редактирование новости","news_edit_success":"Новость успешно изменена","news_empty":"Нет доступных новостей","news_field_action":"Действие","news_field_action2":"Действие с новостями","news_field_attach":"Закрепить","news_field_cat":"Категория","news_field_cdate":"Дата создания","news_field_com":"Включить комметарии","news_field_date":"Запланировать новость","news_field_hidden":"Скрыть новость","news_field_name":"Название","news_field_tdate":"Время создания","news_field_text":"Текст новости","news_field_text_desc":"Для разделения страницы до кнопки \'Читать далее\', используйте тег {READMORE}","news_field_views":"Просмотров","news_field_vote":"Включить голосования","news_go_home":"На главную","news_not_found":"Новость не найдена","news_not_selected":"Не выбрано ни одного пункта","news_preview":"Предпросмотр","news_prew_page_name":"Предварительный просмотр","news_title_is_null":"Заголовок новости пуст! Введите, пожалуйста, заголовок.","news_wo_cats":"Без категории","next":"Далее »","no_comments_avail":"Нет доступных комментариев","no_news_avail":"Нет доступных новостей","no_user_with_email":"Пользователь с указанным E-Mail адресом не найден","not_auth_error":"Вы не авторизованы","not_found":"Не найдено","not_selected_block":"Не выбрано ни одного блока","not_selected_module":"Не выбрано ни одного модуля","nv_accept":"Вы уверены, что хотите удалить выбранные элементы?","nv_del_elements":"Удалено элементов=> ","nv_empty":"Нет доступных просмотров","nv_field_action":"Действие","nv_field_action2":"Действие с просмотрами","nv_field_date":"Дата","nv_field_news":"Новость","nv_field_user":"Пользователь","nv_news_deleted":"Новость удалена","nv_not_selected":"Не выбрано ни одного пункта","nvt_accept":"Вы уверены, что хотите удалить выбранные элементы?","nvt_del_elements":"Удалено элементов=> ","nvt_empty":"Нет доступных голосов","nvt_field_action":"Действие","nvt_field_action2":"Действие с голосами","nvt_field_date":"Дата","nvt_field_news":"Новость","nvt_field_user":"Пользователь","nvt_field_value":"Значение","nvt_news_deleted":"Новость удалена","nvt_not_selected":"Не выбрано ни одного пункта","of_comments":"Комментариев","off":"Выкл.","official_site":"Официальный сайт","offline":"Оффлайн","on":"Вкл.","online_block_name":"Онлайн","online_empty":"Нет зарегистрированных пользователей","online_guests":"гостей","online_loading":"Загрузка статистики...","online_now":"Сейчас на сайте","online_users":"Из них пользователей","pass-lenght_error":"Пароль должен быть не менее 6-ти символов","pass-match_error":"Пароли не совпадают","password":"Пароль","password_encrypt":"Метод шифрования паролей","password_updated":"Ваш пароль успешно изменен. Теперь вы можете войти","patch_install":"Установить","patch_name":"Название патча","patch_warning":"Перед установкой патча совместимости, произведите установку выбранной системы и сделайте бекап файлов и базы данных. После установки патча, все пользователи будут удалены из WebMCR Reloaded и будет создан новый администратор с ником и паролем администратора в установленной системе.","patches":"Патчи интеграции","perm_accept":"Удаление привилегий может повлиять на работу некоторых модулей. Вы уверены, что хотите удалить выбранные элементы?","perm_add":"Добавление","perm_add_page_name":"Добавление привилегии","perm_add_success":"Привилегия успешно добавлена","perm_boolean":"Булевое значение","perm_change_system":"Запрещено менять тип и значение системных привилегий","perm_def_value":"Значение по умолчанию","perm_del_elements":"Удалено элементов=> ","perm_edit":"Редактирование","perm_edit_page_name":"Редактирование привилегии","perm_edit_success":"Привилегия успешно изменена","perm_empty":"Нет доступных привилегий","perm_field_action":"Действие","perm_field_action2":"Действие с привилегиями","perm_field_default":"По умолчанию","perm_field_desc":"Описание","perm_field_name":"Название","perm_field_type":"Тип","perm_field_value":"Значение","perm_float":"Число с плавающей точкой","perm_integer":"Целое число","perm_not_selected":"Не выбрано ни одного пункта","perm_string":"Строка","perm_system":"Системный элемент","permissions":"Привилегии","profile":"Профиль","readmore":"Читать далее...","real_money":"Реальный баланс","reg_off_for_group":"Регистрация отключена для вашей группы пользователей","register":"Регистрация","register_accept":"Я принимаю данные правила и обязуюсь их соблюдать","register_e_already":"Вы уже зарегистрированы","register_repass":"Повторите пароль","registratin_success":"Вы успешно зарегистрировались. Теперь вы можете войти под своим логином и паролем.","registration_accept":"Вы успешно подтвердили регистрацию","registration_limit":"Вы уже регистрировались ранее","remember":"Запомнить","remember_me":"Запомнить меня","restore":"Восстановление пароля","restore_limit_error":"Привышен максимально допустимый лимит на восстановление пароля","restore_pass_length_error":"Пароль должен быть не менее 6-ти символов","restore_permission_error":"Восстановление пароля ограничено администрацией","restore_sended":"Инструкция по восстановлению пароля отправлена на указанный E-Mail","rules_error":"Для регистрации необходимо принять правила","search_access_denied":"Поиск %s ограничен администрацией","search_added":"Добавлено","search_msg_res1":"По запросу","search_msg_res2":"найдено результатов","search_permission_error":"Поиск ограничен администрацией","search_placeholder":"Введите запрос","search_results":"Результаты поиска","send_by_user":"Отправлено пользователем","sended_mail":"Письмо с подтверждением регистрации отправлено на E-Mail, указанный при регистрации","set_base":"База","set_base_base":"Имя базы","set_base_base_ph":"Имя базы данных","set_base_host":"Адрес сервера","set_base_host_ph":"Адрес сервера баз данных","set_base_pass":"Пароль","set_base_pass_ph":"Пароль пользователя баз данных","set_base_port":"Порт","set_base_port_ph":"Порт сервера","set_base_type":"Тип","set_base_type_mysql":"MySQL","set_base_type_mysqli":"MySQLi (Рекомендуется)","set_base_type_pdo":"PDO (Не поддерживается)","set_base_user":"Пользователь","set_base_user_ph":"Пользователь баз данных","set_captcha_incorrect":"Капча указана некорректно","set_e_cfg_save":"Не удалось сохранить файл конфигурации","set_e_hash":"Неверная хэш-сумма полей","set_func":"Функции","set_func_advice":"Выводить советы","set_funt_bc":"Выводить хлебные крошки","set_funt_close":"Технические работы","set_funt_close_time":"Время до конца тех. работ","set_funt_reglimit":"Максимальное кол-во регистраций с одного IP","set_mail":"Почта","set_mail_from":"От кого","set_mail_from_name":"Имя отправителя","set_mail_from_name_ph":"Имя отправителя","set_mail_from_ph":"От кого было отправлено сообщение","set_mail_reply":"E-Mail ответа","set_mail_reply_name":"Имя отправителя ответа","set_mail_reply_name_ph":"Имя отправителя ответа","set_mail_reply_ph":"E-Mail отправителя","set_mail_smtp":"Настройки SMTP","set_mail_smtp_host":"SMTP сервер","set_mail_smtp_host_ph":"Адрес SMTP сервера","set_mail_smtp_pass":"Пароль","set_mail_smtp_pass_ph":"Пароль пользователя SMTP сервера","set_mail_smtp_tls":"Использовать TLS","set_mail_smtp_use":"Использовать SMTP","set_mail_smtp_user":"Имя пользователя","set_mail_smtp_user_ph":"Имя пользователя SMTP сервера","set_main":"Основные","set_main_captcha":"Капча","set_main_client":"Ссылка на страницу с клиентом игры","set_main_debug":"Отладка","set_main_key_private":"Приватный ключ","set_main_key_public":"Публичный ключ","set_main_log":"Лог ошибок","set_main_montype":"Тип мониторинга","set_main_mtapi":"Через API MineTools","set_main_reg":"Подтверждение регистрации","set_main_sitedesc":"Описание сайта","set_main_sitekeys":"Ключевые слова","set_main_sitename":"Название сайта","set_main_sockets":"Через сокеты","set_main_start":"Начальная страница","set_main_theme":"Шаблон","set_pagin":"Постраничная навигация","set_pagin_arrows":"Кол-во стрелок","set_pagin_arrows_ph":"Кол-во стрелок с каждой стороны","set_pagin_comments":"Комментарии","set_pagin_comments_ph":"Кол-во комментариев на одну страницу","set_pagin_cp_cats":"Категории новостей","set_pagin_cp_cats_ph":"Кол-во категорий новостей в ПУ","set_pagin_cp_coms":"Комментарии","set_pagin_cp_coms_ph":"Кол-во комментариев в ПУ","set_pagin_cp_groups":"Группы пользователей","set_pagin_cp_groups_ph":"Кол-во групп пользователей в ПУ","set_pagin_cp_icons":"Иконки меню","set_pagin_cp_icons_ph":"Кол-во иконок меню в ПУ","set_pagin_cp_logs":"Логи","set_pagin_cp_logs_ph":"Кол-во логов в ПУ","set_pagin_cp_menu":"Пунктов меню","set_pagin_cp_menu_cp":"Пункты меню ПУ","set_pagin_cp_menu_cp_ph":"Кол-во пункты меню ПУ в ПУ","set_pagin_cp_menu_ph":"Кол-во пунктов меню сайта в ПУ","set_pagin_cp_mgroups":"Группы меню","set_pagin_cp_mgroups_ph":"Кол-во групп меню в ПУ","set_pagin_cp_mon":"Мониторинг","set_pagin_cp_mon_ph":"Кол-во серверов в мониторинге в ПУ","set_pagin_cp_news":"Новости","set_pagin_cp_news_ph":"Кол-во новостей в ПУ","set_pagin_cp_prems":"Привилегии","set_pagin_cp_prems_ph":"Кол-во привилегий в ПУ","set_pagin_cp_sect":"Панель управления","set_pagin_cp_stc":"Статические страницы","set_pagin_cp_stc_ph":"Кол-во статических страниц в ПУ","set_pagin_cp_users":"Пользователи","set_pagin_cp_users_ph":"Кол-во пользователей в ПУ","set_pagin_cp_views":"Просмотров новости","set_pagin_cp_views_ph":"Кол-во просмотров новостей в ПУ","set_pagin_cp_votes":"Голосов новости","set_pagin_cp_votes_ph":"Кол-во голосов новостей в ПУ","set_pagin_news":"Новости","set_pagin_news_ph":"Кол-во новостей на одну страницу","set_pagin_search_c":"Поиск по комментариям","set_pagin_search_c_ph":"Кол-во комментариев на одну страницу в поиске","set_pagin_search_n":"Поиск по новостям","set_pagin_search_n_ph":"Кол-во новостей на одну страницу в поиске","set_pagin_user_sect":"Пользовательская часть","set_save_by_admin":"Настройки профиля ограничены администрацией","set_save_success":"Настройки успешно сохранены","set_search":"Поиск","set_srch_lvl":"Уровень доступа","set_srch_name":"Название","set_success_save":"Настройки успешно сохранены","set_theme_incorrect":"Шаблон указан некорректно","settings":"Настройки","settings_save_error":"Настройки не могут быть сохранены","sign_in":"Войти","sign_up":"Зарегистрироваться","site_desc":"Описание сайта","site_keys":"Ключевые слова","site_name":"Название сайта","skin_access_by_admin":"Удаление скина ограничено администрацией","skin_edit_by_admin":"Изменение скина ограничено администрацией","skin_folder_permission_error":"Отсутствуют права на запись папки скинов","skin_intf_permission_error":"Отсутствуют права на запись папки скинов-интерфейсов","skin_not_set":"Скин не установлен","skin_permission_error":"Отсутствуют права на запись","skin_size":"Привышен максимально допустимый размер файла","skin_success_del":"Ваш скин успешно удален","skin_success_edit":"Ваш скин успешно изменен","smtp_host":"Адрес SMTP сервера","smtp_pass":"SMTP пароль","smtp_tls":"Использовать TLS","smtp_use":"Использовать SMTP","smtp_user":"SMTP пользователь","sql_error":"SQL Error #","statics":"Статические страницы","stc_accept":"Вы уверены, что хотите удалить выбранные элементы?","stc_add":"Добавление","stc_add_page_name":"Добавление статической страницы","stc_add_success":"Статическая страница успешно добавлена","stc_del_elements":"Удалено элементов=> ","stc_e_text_empty":"Не заполнено поле \'Текст страницы\'","stc_e_text_incorrect":"Не верно заполнено поле \'Текст страницы\'","stc_edit":"Редактирование","stc_edit_page_name":"Редактирование статической страницы","stc_edit_success":"Статическая страница успешно изменена","stc_empty":"Нет доступных статических страниц","stc_field_access":"Уровень доступа","stc_field_action":"Действие","stc_field_action2":"Действие со страницами","stc_field_name":"Название","stc_field_perm":"Привилегии","stc_field_preview":"Предпросмотр","stc_field_text":"Текст страницы","stc_field_uniq":"Идентификатор","stc_go_home":"На главную","stc_not_selected":"Не выбрано ни одного пункта","stc_perm_not_exist":"ОТСУТСТВУЕТ","stc_preview":"Предварительный просмотр","success_news-delete":"Новость успешно удалена","success_save":"Патч был успешно примерен","target_blank":"Ссылка откроется в новой вкладке","theme_user":"Автор изначального шаблона","time_create":"Время создания","unattach":"Открепить","unfixing":"Открепление","unknown_method_encrypt":"Неверный метод шифрования паролей","update":"Обновить","useful_links":"Полезные ссылки","user_accept":"Удаление пользователей приведет к удалению всей информации о них. Вы уверены, что хотите удалить выбранные элементы?","user_accept2":"Вы действительно хотите забанить выбранных пользователей на сервере?","user_accept3":"Вы действительно хотите разбанить выбранных пользователей на сервере?","user_add":"Добавление","user_add_page_name":"Добавление пользователя","user_add_success":"Пользователь успешно добавлен","user_ban":"забанены","user_del_elements":"Удалено элементов=> ","user_deleted":"Пользователь удален","user_e_cloak_name":"Не удалось изменить название плаща","user_e_color_format":"Неверный формат цвета","user_e_incorrect_bday":"Неверный формат даты рождения","user_e_incorrect_fname":"Имя может состоять только из букв","user_e_incorrect_lname":"Фамилия может состоять только из букв","user_e_reg_pass_length":"Пароль должен быть не менее 6-ти символов","user_e_skin_name":"Не удалось изменить название скина","user_edit":"Редактирование","user_edit_page_name":"Редактирование пользователя","user_edit_success":"Пользователь успешно изменен","user_empty":"Нет доступных пользователей","user_field_action":"Действие","user_field_action2":"Действие с пользователями","user_group_not_found":"Группа не существует","user_not_found":"Пользователи не найдены","user_not_selected":"Не выбрано ни одного пункта","user_success":"Выбранные пользователи успешно","user_unban":"разбанены","users":"Пользователи","views":"Просмотры","vk_page":"Страница VK","votes":"Голоса","warning":"Внимание!","write_access_error":"Файл недоступен для записи","wrong_pass":"Неверный логин или пароль","403":"403","404":"404"}');
#line
INSERT INTO `mcr_l10n_phrases` (`id`, `language_id`, `phrase_key`, `phrase_value`) VALUES
(1, 1, 'access_by_admin', 'Доступ к профилю ограничен администрацией'),
(2, 1, 'action', 'Действие'),
(3, 1, 'add-economy_error', 'Произошла ошибка добавления поля экономики'),
(4, 1, 'add_comment', 'Добавление комментария'),
(5, 1, 'alert', 'Оповещение'),
(6, 1, 'attach', 'Закрепить'),
(7, 1, 'attach_success', 'Статус закрепления успешно изменен'),
(8, 1, 'attached', 'Закреплено'),
(9, 1, 'auth', 'Авторизация'),
(10, 1, 'auth_access', 'Вам запрещена авторизация'),
(11, 1, 'auth_already', 'Вы уже авторизованны'),
(12, 1, 'auth_required', 'Для доступа к профилю необходима авторизация'),
(13, 1, 'auth_success', 'Вы успешно авторизовались'),
(14, 1, 'author_user', 'Автор WebMCR & Разработчик предыдущих версий'),
(15, 1, 'back', '« Назад'),
(16, 1, 'balance', 'Баланс'),
(17, 1, 'bb_c_bgcolor', 'Цвет фона'),
(18, 1, 'bb_c_center', 'Выравнивание по центру'),
(19, 1, 'bb_c_code', 'Код [php|html|css|javascript]'),
(20, 1, 'bb_c_color', 'Цвет текста'),
(21, 1, 'bb_c_email', 'E-Mail'),
(22, 1, 'bb_c_font', 'Шрифт [Arial|Arial Black|Comic Sans MS|Courier New|Georgia|Impact|Tahoma|Times New Roman|Trebuchet MS|Verdana]'),
(23, 1, 'bb_c_font_size', 'Размер шрифта [1-7]'),
(24, 1, 'bb_c_img', 'Изображение'),
(25, 1, 'bb_c_indent', 'Отступ'),
(26, 1, 'bb_c_italic', 'Курсив'),
(27, 1, 'bb_c_left', 'Выравнивание по левому краю'),
(28, 1, 'bb_c_line', 'Горизонтальная линия'),
(29, 1, 'bb_c_link', 'Ссылка [URL]'),
(30, 1, 'bb_c_list', 'Список [markers|numbers]'),
(31, 1, 'bb_c_offtop', 'Оффтоп'),
(32, 1, 'bb_c_quote', 'Цитата [Логин | 00.00.00 - 00=>00=>00]'),
(33, 1, 'bb_c_remove', 'Удалить все теги'),
(34, 1, 'bb_c_reverse', 'Текст в обратном порядке'),
(35, 1, 'bb_c_right', 'Выравнивание по правому краю'),
(36, 1, 'bb_c_smiles', 'Смайлики'),
(37, 1, 'bb_c_spoiler', 'Спойлер [Название]'),
(38, 1, 'bb_c_strike', 'Зачеркнутый'),
(39, 1, 'bb_c_strong', 'Жирный'),
(40, 1, 'bb_c_underl', 'Подчеркнутый'),
(41, 1, 'bb_c_video', 'Видео [youtube|vine|vk|vimeo|coub|twitch]'),
(42, 1, 'bb_ingert_bg', 'Цвет фона'),
(43, 1, 'bb_insert_code', 'Вставка кода'),
(44, 1, 'bb_insert_color', 'Цвет текста'),
(45, 1, 'bb_insert_email', 'Вставка E-Mail адреса'),
(46, 1, 'bb_insert_font', 'Шрифт'),
(47, 1, 'bb_insert_img', 'Вставка изображения'),
(48, 1, 'bb_insert_link', 'Вставка ссылки'),
(49, 1, 'bb_insert_list', 'Список'),
(50, 1, 'bb_insert_size', 'Размер текста'),
(51, 1, 'bb_insert_spoiler', 'Вставка спойлера'),
(52, 1, 'bb_insert_video', 'Вставка видео'),
(53, 1, 'bb_list_mark', 'Маркированный'),
(54, 1, 'bb_list_num', 'Нумерованный'),
(55, 1, 'bb_ph_email', 'E-Mail адрес'),
(56, 1, 'bb_ph_img', 'Ссылка на изображение'),
(57, 1, 'bb_ph_spoiler', 'Название спойлера'),
(58, 1, 'bb_ph_text', 'Текст'),
(59, 1, 'bb_ph_url', 'Ссылка'),
(60, 1, 'bb_ph_video', 'Ссылка на видео'),
(61, 1, 'bb_spoiler', 'Нумерованный'),
(62, 1, 'bb_v_coub', 'Coub'),
(63, 1, 'bb_v_twitch', 'Twitch'),
(64, 1, 'bb_v_vimeo', 'Vimeo'),
(65, 1, 'bb_v_vine', 'Vine'),
(66, 1, 'bb_v_vk', 'ВКонтакте'),
(67, 1, 'bb_v_youtube', 'YouTube'),
(68, 1, 'block_cfg_incorrect', 'Конфигурация блока задана неверно'),
(69, 1, 'block_cfg_not_found', 'Конфигурация блока не найдена'),
(70, 1, 'block_cfg_unsave', 'Конфигурация не сохранена'),
(71, 1, 'block_download', 'Скачать'),
(72, 1, 'block_edit', 'Редактирование'),
(73, 1, 'block_edit_page_name', 'Редактирование блока'),
(74, 1, 'block_edit_success', 'Блок успешно изменен'),
(75, 1, 'block_empty', 'Нет доступных блоков'),
(76, 1, 'block_field_action', 'Действие'),
(77, 1, 'block_field_action2', 'Действие с блоками'),
(78, 1, 'block_field_author', 'Автор'),
(79, 1, 'block_field_email', 'E-Mail'),
(80, 1, 'block_field_name', 'Название'),
(81, 1, 'block_field_pos', 'Позиция'),
(82, 1, 'block_field_site', 'Сайт'),
(83, 1, 'block_field_status', 'Статус'),
(84, 1, 'block_field_upd', 'Обновления'),
(85, 1, 'block_field_url', 'Источник обновлений'),
(86, 1, 'block_field_ver', 'Версия'),
(87, 1, 'block_last_version', '(У вас установлена последняя версия)'),
(88, 1, 'block_new_version', 'Есть новая версия -'),
(89, 1, 'block_not_check', '(Не удалось проверить версию)'),
(90, 1, 'block_off', 'Выключен'),
(91, 1, 'block_off1', 'Выключены'),
(92, 1, 'block_on', 'Включен'),
(93, 1, 'block_on1', 'Включены'),
(94, 1, 'blocks', 'Блоки'),
(95, 1, 'btn_add', 'Добавить'),
(96, 1, 'btn_cancel', 'Отмена'),
(97, 1, 'btn_delete', 'Удалить'),
(98, 1, 'btn_edit', 'Редактировать'),
(99, 1, 'btn_insert', 'Вставить'),
(100, 1, 'btn_no', 'Нет'),
(101, 1, 'btn_restore', 'Восстановить'),
(102, 1, 'btn_save', 'Сохранить'),
(103, 1, 'btn_search', 'Поиск'),
(104, 1, 'btn_yes', 'Да'),
(105, 1, 'by_comments', 'По комментариям'),
(106, 1, 'by_news', 'По новостям'),
(107, 1, 'by_user', 'пользователем'),
(108, 1, 'categories', 'Категории новостей'),
(109, 1, 'category', 'Категория'),
(110, 1, 'class_not_found', 'Объект %s не найден'),
(111, 1, 'cloak_access_by_admin', 'Удаление плаща ограничено администрацией'),
(112, 1, 'cloak_edit_by_admin', 'Изменение плаща ограничено администрацией'),
(113, 1, 'cloak_folder_permission_error', 'Отсутствуют права на запись папки плащей'),
(114, 1, 'cloak_intf_permission_error', 'Отсутствуют права на запись папки плащей-интерфейсов'),
(115, 1, 'cloak_not_set', 'Плащ не установлен'),
(116, 1, 'cloak_permission_error', 'Отсутствуют права на запись'),
(117, 1, 'cloak_success_del', 'Ваш плащ успешно удален'),
(118, 1, 'cloak_success_edit', 'Ваш плащ успешно изменен'),
(119, 1, 'close_for_tech_work', 'На сайте ведутся технические работы. Вход только для администрации.'),
(120, 1, 'close_time_for1', 'Доступ на сайт закрыт на неопределенный срок'),
(121, 1, 'close_time_for2', 'Доступ на сайт закрыт до'),
(122, 1, 'cn_accept', 'Удаление категорий приведет к удалению всех новостей в выбранных категориях. Вы уверены, что хотите удалить выбранные элементы?'),
(123, 1, 'cn_add', 'Добавление'),
(124, 1, 'cn_add_page_name', 'Добавление категории'),
(125, 1, 'cn_add_success', 'Категория успешно добавлена'),
(126, 1, 'cn_del_elements', 'Удалено элементов=> '),
(127, 1, 'cn_del_elements4', 'Выбранные элементы успешно удалены'),
(128, 1, 'cn_del_elements5', 'голосов -'),
(129, 1, 'cn_edit', 'Редактирование'),
(130, 1, 'cn_edit_page_name', 'Редактирование категории'),
(131, 1, 'cn_edit_success', 'Категория успешно изменена'),
(132, 1, 'cn_empty', 'Нет доступных категорий'),
(133, 1, 'cn_field_action', 'Действие'),
(134, 1, 'cn_field_action2', 'Действие с категориями'),
(135, 1, 'cn_field_desc', 'Описание'),
(136, 1, 'cn_field_name', 'Название'),
(137, 1, 'cn_not_selected', 'Не выбрано ни одного пункта'),
(138, 1, 'com_add_success', 'Комментарий успешно добавлен'),
(139, 1, 'com_del_elements', 'Удалено элементов=> '),
(140, 1, 'com_del_empty', 'Ничего не удалено'),
(141, 1, 'com_del_success', 'Выбранный комментарий успешно удален'),
(142, 1, 'com_disabled', 'Комментарии отключены для данной новости'),
(143, 1, 'com_edit_success', 'Комментарий успешно отредактирован'),
(144, 1, 'com_load_success', 'Комментарий успешно получен'),
(145, 1, 'com_msg_empty', 'Не заполнено поле \'Сообщение\''),
(146, 1, 'com_msg_incorrect', 'Не верно заполнено поле сообщения'),
(147, 1, 'com_not_selected', 'Не выбрано ни одного пункта'),
(148, 1, 'com_perm_add', 'У вас нет доступа для добавления комментариев'),
(149, 1, 'com_perm_del', 'У вас нет прав на удаление комментариев'),
(150, 1, 'com_perm_edit', 'У вас нет доступа для изменения комментариев'),
(151, 1, 'com_unauth', 'Вы не авторизованы'),
(152, 1, 'com_vote_disabled', 'Голосование для данной новости отключено'),
(153, 1, 'com_vote_perm', 'У вас нет доступа для голосования'),
(154, 1, 'com_vote_success', 'Голос успешно учтен'),
(155, 1, 'com_wait', 'Для повторного добавления комментария необходимо подождать'),
(156, 1, 'com_wait1', 'сек.'),
(157, 1, 'com_without_news', 'Без новости'),
(158, 1, 'coments_quote', 'Цитировать'),
(159, 1, 'comment_accept', 'Вы уверены, что хотите удалить выбранные комментарии'),
(160, 1, 'comment_action', 'Действие с комментариями'),
(161, 1, 'comment_add_page_name', 'Добавление комментария'),
(162, 1, 'comment_add_success', 'Комментарий успешно добавлен'),
(163, 1, 'comment_adding', 'Добавление'),
(164, 1, 'comment_col_comment', 'Комментарий'),
(165, 1, 'comment_col_news', 'Новость'),
(166, 1, 'comment_col_user', 'Пользователь'),
(167, 1, 'comment_edit_page_name', 'Редактирование комментария'),
(168, 1, 'comment_edit_success', 'Комментарий успешно изменен'),
(169, 1, 'comment_editing', 'Редактирование'),
(170, 1, 'comment_empty', 'Не заполнено поле \'Комментарий\''),
(171, 1, 'comment_incorrect', 'Не верно заполнено поле \'Комментарий\''),
(172, 1, 'comment_not_exist', 'Нет доступных комментариев'),
(173, 1, 'comment_text', 'Текст комментария'),
(174, 1, 'comments', 'Комментарии'),
(175, 1, 'comments_access_denied', 'У вас нет доступа, чтобы просматривать комментарии'),
(176, 1, 'congratulation', 'Поздравляем!'),
(177, 1, 'connection_error', 'Невозможно соединиться с базой данных. Проверьте ее доступность для подключения правильность вводимых данных.'),
(178, 1, 'copyright', 'Полное или частичное копирование сайта %s запрещено.'),
(179, 1, 'count_all', 'Всего'),
(180, 1, 'cur_game', 'майн.'),
(181, 1, 'cur_real', 'руб.'),
(182, 1, 'date_create', 'Дата создания'),
(183, 1, 'date_registration', 'Дата регистрации'),
(184, 1, 'db_host', 'Адрес хоста'),
(185, 1, 'db_name', 'Имя базы данных'),
(186, 1, 'db_pass', 'Пароль пользователя'),
(187, 1, 'db_port', 'Порт'),
(188, 1, 'db_user', 'Имя пользователя'),
(189, 1, 'deb_db_err', 'Ошибки базы'),
(190, 1, 'deb_kb', 'кб'),
(191, 1, 'deb_memory', 'Использовано памяти'),
(192, 1, 'deb_method', 'Метод'),
(193, 1, 'deb_name', 'Отладка'),
(194, 1, 'deb_num_q', 'Запросов к базе'),
(195, 1, 'deb_os', 'Операционная система'),
(196, 1, 'deb_php_err', 'Ошибки PHP'),
(197, 1, 'deb_php_ver', 'Версия PHP'),
(198, 1, 'deb_plt', 'Время загрузки страницы'),
(199, 1, 'deb_protocol', 'Протокол'),
(200, 1, 'deb_script', 'Адрес скрипта'),
(201, 1, 'deb_sec', 'сек.'),
(202, 1, 'delete', 'Удалить'),
(203, 1, 'delete_cloak', 'Удалить плащ'),
(204, 1, 'delete_skin', 'Удалить скин'),
(205, 1, 'dev_user', 'Разработчик новых версий'),
(206, 1, 'developer', 'Разработчик'),
(207, 1, 'disabled_by_admin', 'Комментарии в данной новости были отключены администрацией'),
(208, 1, 'documentation', 'Документация'),
(209, 1, 'donate', 'Пожертвования'),
(210, 1, 'download_client', 'СКАЧАТЬ КЛИЕНТ'),
(211, 1, 'drop_cloak_here', 'Перенесите сюда новый плащ персонажа'),
(212, 1, 'drop_skin_here', 'Перенесите сюда новый скин персонажа'),
(213, 1, 'e_valid_oldpass', 'Неверно введен старый пароль'),
(214, 1, 'e_valid_repass', 'Пароли не совпадают'),
(215, 1, 'edit', 'Редактировать'),
(216, 1, 'email', 'E-Mail'),
(217, 1, 'email-format_error', 'Неверный формат E-Mail адреса'),
(218, 1, 'email_empty_field', 'Не заполнено поле E-Mail'),
(219, 1, 'empty', 'Нет доступных серверов'),
(220, 1, 'empty_panel_menu_group', 'Нет доступного меню'),
(221, 1, 'empty_panel_menu_list', 'Нет доступных пунктов меню'),
(222, 1, 'empty_query', 'Не заданы критерии поиска'),
(223, 1, 'empty_result', 'Ничего не найдено'),
(224, 1, 'error_403', 'Доступ запрещен'),
(225, 1, 'error_404', 'Страница не найдена'),
(226, 1, 'error_advice_found', 'Советов нет'),
(227, 1, 'error_attention', 'Внимание!'),
(228, 1, 'error_captcha', 'Неверно введена каптча'),
(229, 1, 'error_cloak_folder_temp', 'Отсутствует временная папка'),
(230, 1, 'error_cloak_format', 'Вам недоступен данный формат'),
(231, 1, 'error_cloak_isnt_png', 'Разрешено загружать только png'),
(232, 1, 'error_cloak_load', 'Ошибка загрузки плаща!'),
(233, 1, 'error_cloak_save', 'Ошибка сохранения плаща'),
(234, 1, 'error_cloak_size', 'Привышен максимально допустимый размер файла'),
(235, 1, 'error_cloak_tempfile', 'Отсутствует временный файл'),
(236, 1, 'error_critical', 'Обратитесь к администрации'),
(237, 1, 'error_hack', 'Hacking Attempt!'),
(238, 1, 'error_in_data_for_db-connection', 'Неверно указаны данные для подключения к базе'),
(239, 1, 'error_install', 'Необходима установка'),
(240, 1, 'error_mail_send', 'Ошибка отправки сообщения'),
(241, 1, 'error_message', 'Ошибка!'),
(242, 1, 'error_method', 'Метод не поддерживается'),
(243, 1, 'error_mode_found', 'Страница не найдена'),
(244, 1, 'error_module', 'Модуль недоступен'),
(245, 1, 'error_patch_exist', 'Патч не найден'),
(246, 1, 'error_patch_install', 'Ошибка установки патча'),
(247, 1, 'error_save_config', 'Ошибка сохранения файла конфигурации'),
(248, 1, 'error_skin_folder_temp', 'Отсутствует временная папка'),
(249, 1, 'error_skin_format', 'Вам недоступен данный формат'),
(250, 1, 'error_skin_isnt_png', 'Разрешено загружать только png'),
(251, 1, 'error_skin_load', 'Ошибка загрузки скина!'),
(252, 1, 'error_skin_save', 'Ошибка сохранения скина'),
(253, 1, 'error_skin_tempfile', 'Отсутствует временный файл'),
(254, 1, 'error_sql_charset', 'Ошибка установки кодировки баз дынных'),
(255, 1, 'error_sql_connect', 'Ошибка соединения с базой'),
(256, 1, 'error_sql_critical', 'Критическая ошибка баз данных. Обратитесь к администрации.'),
(257, 1, 'error_success', 'Поздравляем!'),
(258, 1, 'error_unknown', 'Неизвестная ошибка'),
(259, 1, 'error_warn', 'Обнаружена ошибка!'),
(260, 1, 'extensions', 'Дополнения'),
(261, 1, 'f_bday', 'Дата рождения'),
(262, 1, 'f_gender', 'Пол'),
(263, 1, 'f_gmoney', 'Игровой баланс'),
(264, 1, 'f_info', 'Информация'),
(265, 1, 'f_lname', 'Фамилия'),
(266, 1, 'f_name', 'Имя'),
(267, 1, 'f_oldpass', 'Старый пароль'),
(268, 1, 'f_repass', 'Повторите пароль'),
(269, 1, 'f_rmoney', 'Реальный баланс'),
(270, 1, 'f_settings', 'Настройки'),
(271, 1, 'f_skin', 'Образ'),
(272, 1, 'fixing', 'Закрепление'),
(273, 1, 'fm', 'Файловый менеджер'),
(274, 1, 'fm_error_of_delete', 'Ничего не удалено'),
(275, 1, 'fm_error_of_load', 'Ошибка загрузки файла'),
(276, 1, 'fm_error_of_load_on_server', 'Файл не был загружен на сервер'),
(277, 1, 'fm_error_of_perm', 'Отсутствуют права на запись'),
(278, 1, 'fm_error_of_size_limit', 'Превышен лимит по объему'),
(279, 1, 'fm_file_not_found', 'Нет доступных файлов'),
(280, 1, 'fm_no_one_error', 'Ни один файл не был загружен.'),
(281, 1, 'fm_not_found_error', 'Файл не найден'),
(282, 1, 'fm_not_selected', 'Не выбрано ни одного файла'),
(283, 1, 'fm_ph', 'Выберите файлы или перенесите их сюда'),
(284, 1, 'fm_success_del', 'Файл успешно удален'),
(285, 1, 'fm_success_edit', 'Файл успешно изменен'),
(286, 1, 'fm_success_load', 'Файлы успешно получены'),
(287, 1, 'fm_success_upload', 'Файлы успешно получены'),
(288, 1, 'fm_temp_file_error', 'Отсутствует временный файл'),
(289, 1, 'fm_uniq_exist_error', 'Идентификатор уже занят'),
(290, 1, 'fm_uniq_fill_error', 'Не заполнено поле идентификатора'),
(291, 1, 'fm_unknown_error', 'Неизвестная ошибка'),
(292, 1, 'gender', 'Пол'),
(293, 1, 'gender_m', 'Мужской'),
(294, 1, 'gender_n', 'Не задано'),
(295, 1, 'gender_w', 'Женский'),
(296, 1, 'general', 'Основные'),
(297, 1, 'go_out', 'Выход'),
(298, 1, 'group', 'Группа'),
(299, 1, 'group-update_error', 'Произошла ошибка обновления пользовательской группы'),
(300, 1, 'groups', 'Группы пользователей'),
(301, 1, 'grp_accept', 'Удаление групп приведет к удалению всех входящих в них пользователей. Вы уверены, что хотите удалить выбранные элементы?'),
(302, 1, 'grp_action', 'Действие с группами'),
(303, 1, 'grp_add', 'Добавление'),
(304, 1, 'grp_add_page_name', 'Добавление группы'),
(305, 1, 'grp_def_val', 'Значение по умолчанию'),
(306, 1, 'grp_del_msg1', 'Удалено элементов=> '),
(307, 1, 'grp_del_success', 'Группа пользователей успешно добавлена'),
(308, 1, 'grp_e_color_format', 'Неверный формат цвета'),
(309, 1, 'grp_edit', 'Редактирование'),
(310, 1, 'grp_edit_page_name', 'Редактирование группы'),
(311, 1, 'grp_edit_success', 'Группа пользователей успешно изменена'),
(312, 1, 'grp_empty', 'Нет доступных групп пользователей'),
(313, 1, 'grp_field_act', 'Действие'),
(314, 1, 'grp_field_desc', 'Описание'),
(315, 1, 'grp_field_name', 'Название'),
(316, 1, 'grp_field_perm', 'Привилегии'),
(317, 1, 'grp_not_selected', 'Не выбрано ни одного пункта'),
(318, 1, 'guest', 'Гость'),
(319, 1, 'guest_descrption', 'Группа неавторизованных пользователей'),
(320, 1, 'home', 'Главная'),
(321, 1, 'icons', 'Иконки'),
(322, 1, 'info', 'Информация'),
(323, 1, 'info_and_stats', 'Информация и статистика'),
(324, 1, 'info_count_cats', 'Категорий'),
(325, 1, 'info_count_coms', 'Комментариев'),
(326, 1, 'info_count_groups', 'Всего групп'),
(327, 1, 'info_count_news', 'Новостей'),
(328, 1, 'info_count_perms', 'Привилегий'),
(329, 1, 'info_count_statics', 'Статических страниц'),
(330, 1, 'info_count_users', 'Всего пользователей'),
(331, 1, 'info_count_views', 'Просмотров'),
(332, 1, 'info_count_votes', 'Голосов'),
(333, 1, 'info_eng_ver', 'Версия движка'),
(334, 1, 'info_eng_ver_dev', 'Dev версия'),
(335, 1, 'info_eng_ver_git', 'Версия на GitHub'),
(336, 1, 'info_eng_ver_last', 'Последняя стабильная версия'),
(337, 1, 'info_eng_ver_now', 'Текущая версия'),
(338, 1, 'info_ext', 'Дополнения'),
(339, 1, 'info_news', 'Новости'),
(340, 1, 'info_news_stats', 'Статистика новостей'),
(341, 1, 'info_other', 'Разное'),
(342, 1, 'info_stats', 'Статистика'),
(343, 1, 'info_users_stats', 'Статистика пользователей'),
(344, 1, 'information', 'Информация'),
(345, 1, 'ip', 'IP'),
(346, 1, 'last_activity', 'Последнее действие'),
(347, 1, 'loading', 'Загрузка...'),
(348, 1, 'log_add_bi', 'Добавление группы меню панели управления'),
(349, 1, 'log_add_cn', 'Добавление категории новостей'),
(350, 1, 'log_add_com', 'Добавление комментария'),
(351, 1, 'log_add_grp', 'Добавление группы пользователей'),
(352, 1, 'log_add_mcp', 'Добавление пункта меню панели управления'),
(353, 1, 'log_add_menu', 'Добавление пунктов меню сайта'),
(354, 1, 'log_add_mgrp', 'Добавление группы меню панели управления'),
(355, 1, 'log_add_mi', 'Добавление группы меню панели управления'),
(356, 1, 'log_add_mon', 'Добавление сервера в мониторинг'),
(357, 1, 'log_add_news', 'Добавление новости'),
(358, 1, 'log_add_perm', 'Добавление привилегии'),
(359, 1, 'log_add_stc', 'Добавление статической страницы'),
(360, 1, 'log_add_user', 'Добавление нового пользователя'),
(361, 1, 'log_auth', 'Авторизация пользователя на сайте'),
(362, 1, 'log_ban_user', 'Изменение статуса бана пользователей'),
(363, 1, 'log_block', 'в ПУ'),
(364, 1, 'log_change_blocks', 'Изменение статусов блоков'),
(365, 1, 'log_change_modules', 'Изменение статусов модулей'),
(366, 1, 'log_cn', 'в ПУ'),
(367, 1, 'log_com_add', 'Добавление комментария'),
(368, 1, 'log_com_del', 'Удаление комментария'),
(369, 1, 'log_com_edit', 'Редактирование комментария'),
(370, 1, 'log_com_in_cp', 'в ПУ'),
(371, 1, 'log_com_vote', 'Голосование за новость'),
(372, 1, 'log_del_bi', 'Удаление иконок'),
(373, 1, 'log_del_cn', 'Удаление категорий новостей'),
(374, 1, 'log_del_com', 'Удаление комментариев'),
(375, 1, 'log_del_grp', 'Удаление групп пользователей'),
(376, 1, 'log_del_mcp', 'Удаление пунктов меню панели управления'),
(377, 1, 'log_del_menu', 'Удаление пунктов меню сайта'),
(378, 1, 'log_del_mgrp', 'Удаление групп меню панели управления'),
(379, 1, 'log_del_mi', 'Удаление иконок'),
(380, 1, 'log_del_mon', 'Удаление серверов из мониторинга'),
(381, 1, 'log_del_news', 'Удаление новостей'),
(382, 1, 'log_del_nv', 'Удаление просмотров'),
(383, 1, 'log_del_nvt', 'Удаление голосов'),
(384, 1, 'log_del_perm', 'Удаление привилегий групп'),
(385, 1, 'log_del_stc', 'Удаление статических страниц'),
(386, 1, 'log_del_user', 'Удаление пользователей'),
(387, 1, 'log_delete_cloak', 'Удаление плаща в профиле'),
(388, 1, 'log_delete_skin', 'Удаление скина в профиле'),
(389, 1, 'log_edit_block', 'Редактирование блока'),
(390, 1, 'log_edit_cl', 'Изменение плаща в профиле'),
(391, 1, 'log_edit_cn', 'Редактирование категории новостей'),
(392, 1, 'log_edit_com', 'Редактирование комментария'),
(393, 1, 'log_edit_grp', 'Редактирование группы пользователей'),
(394, 1, 'log_edit_mcp', 'Редактирование пункта меню в панели управления'),
(395, 1, 'log_edit_menu', 'Редактирование пунктов меню сайта'),
(396, 1, 'log_edit_mgrp', 'Редактирование группы меню панели управления'),
(397, 1, 'log_edit_mi', 'Редактирование иконки'),
(398, 1, 'log_edit_mod', 'Редактирование модуля'),
(399, 1, 'log_edit_mon', 'Редактирование сервера в мониторинг'),
(400, 1, 'log_edit_news', 'Редактирование новости'),
(401, 1, 'log_edit_perm', 'Редактирование привилегии'),
(402, 1, 'log_edit_sk', 'Изменение скина в профиле'),
(403, 1, 'log_edit_stc', 'Редактирование статической страницы'),
(404, 1, 'log_edit_user', 'Редактирование пользователя'),
(405, 1, 'log_grp', 'в ПУ'),
(406, 1, 'log_logout', 'Выход пользователя с сайта'),
(407, 1, 'log_mcp', 'в ПУ'),
(408, 1, 'log_menu', 'в ПУ'),
(409, 1, 'log_mgrp', 'в ПУ'),
(410, 1, 'log_mi_in_cp', 'в ПУ'),
(411, 1, 'log_mod_in_cp', 'в ПУ'),
(412, 1, 'log_mon_in_cp', 'в ПУ'),
(413, 1, 'log_new_del', 'Удаление новости'),
(414, 1, 'log_news', 'в ПУ'),
(415, 1, 'log_nv', 'в ПУ'),
(416, 1, 'log_nvt_in_cp', 'в ПУ'),
(417, 1, 'log_perm', 'в ПУ'),
(418, 1, 'log_reg', 'Регистрация пользователя'),
(419, 1, 'log_save_patch', 'Изменение патча CMS на '),
(420, 1, 'log_set_base_save', 'Редактирование настроек базы в ПУ'),
(421, 1, 'log_set_func_save', 'Редактирование настроек функций в ПУ'),
(422, 1, 'log_set_mail_save', 'Редактирование настроек почты в ПУ'),
(423, 1, 'log_set_main_save', 'Редактирование основных настроек в ПУ'),
(424, 1, 'log_set_pagin_save', 'Редактирование настроек постраничной навигации в ПУ'),
(425, 1, 'log_set_search_save', 'Редактирование настроек поиска в ПУ'),
(426, 1, 'log_settings', 'Изменение настроек пользователя'),
(427, 1, 'log_stc_in_cp', 'в ПУ'),
(428, 1, 'log_user', 'в ПУ'),
(429, 1, 'login', 'Логин'),
(430, 1, 'login-email_exist_error', 'Запрещено использовать данный логин и/или E-Mail'),
(431, 1, 'login_format_error', 'Логин может состоять только из символов a-zA-Z0-9_- и быть не менее 3-х символов'),
(432, 1, 'login_or_email', 'Логин или E-Mail'),
(433, 1, 'logout_success', 'Вы успешно покинули свой аккаунт'),
(434, 1, 'logs', 'Лог действий'),
(435, 1, 'logs_action', 'Действие'),
(436, 1, 'logs_date', 'Дата'),
(437, 1, 'logs_empty', 'Нет доступных логов'),
(438, 1, 'logs_user', 'Пользователь'),
(439, 1, 'logs_views', 'Просмотров'),
(440, 1, 'mail', 'Почта'),
(441, 1, 'mail_from', 'От кого (E-Mail)'),
(442, 1, 'mail_from_desc', 'С какого почтового ящика было отправлено сообщение'),
(443, 1, 'mail_from_name', 'От кого (Имя)'),
(444, 1, 'mail_from_name_desc', 'От чьего имени было отправлено сообщение'),
(445, 1, 'mail_reply', 'E-Mail ответа'),
(446, 1, 'mail_reply_name', 'Имя E-Mail ответа'),
(447, 1, 'manucp', 'Меню ПУ'),
(448, 1, 'mcp_accept', 'Вы уверены, что хотите удалить выбранные элементы?'),
(449, 1, 'mcp_add', 'Добавление'),
(450, 1, 'mcp_add_page_name', 'Добавление меню'),
(451, 1, 'mcp_add_success', 'Пункт меню успешно добавлен'),
(452, 1, 'mcp_del_elements', 'Удалено элементов=> '),
(453, 1, 'mcp_edit', 'Редактирование'),
(454, 1, 'mcp_edit_page_name', 'Редактирование меню'),
(455, 1, 'mcp_edit_success', 'Пункт меню успешно изменен'),
(456, 1, 'mcp_empty', 'Нет доступных пунктов меню'),
(457, 1, 'mcp_field_access', 'Уровень доступа'),
(458, 1, 'mcp_field_action', 'Действие'),
(459, 1, 'mcp_field_action2', 'Действие с меню'),
(460, 1, 'mcp_field_desc', 'Описание'),
(461, 1, 'mcp_field_group', 'Группа'),
(462, 1, 'mcp_field_icon', 'Иконка'),
(463, 1, 'mcp_field_link', 'Ссылка'),
(464, 1, 'mcp_field_name', 'Название'),
(465, 1, 'mcp_field_priority', 'Приоритет'),
(466, 1, 'mcp_field_target', 'Открытие'),
(467, 1, 'mcp_not_selected', 'Не выбрано ни одного пункта'),
(468, 1, 'mcp_perm_not_exist', 'Привилегия не существует'),
(469, 1, 'mcp_target_blank', 'В новой вкладке'),
(470, 1, 'mcp_target_self', 'В текущей вкладке'),
(471, 1, 'mcp_top_lvl', 'Верхний уровень'),
(472, 1, 'menu', 'Меню сайта'),
(473, 1, 'menu_accept', 'Удаление пунктов меню приведет к удалению всех входящих в них пунктов. Вы уверены, что хотите удалить выбранные элементы?'),
(474, 1, 'menu_add', 'Добавление'),
(475, 1, 'menu_add_page_name', 'Добавление меню'),
(476, 1, 'menu_add_success', 'Пункт меню успешно добавлен'),
(477, 1, 'menu_del_elements', 'Удалено элементов=> '),
(478, 1, 'menu_edit', 'Редактирование'),
(479, 1, 'menu_edit_page_name', 'Редактирование меню'),
(480, 1, 'menu_edit_success', 'Пункт меню успешно изменен'),
(481, 1, 'menu_empty', 'Нет доступных пунктов меню'),
(482, 1, 'menu_field_access', 'Уровень доступа'),
(483, 1, 'menu_field_action', 'Действие'),
(484, 1, 'menu_field_action2', 'Действие с меню'),
(485, 1, 'menu_field_link', 'Ссылка'),
(486, 1, 'menu_field_name', 'Название'),
(487, 1, 'menu_field_parent', 'Родитель'),
(488, 1, 'menu_field_pos', 'Позиция'),
(489, 1, 'menu_field_style', 'Стилевой класс'),
(490, 1, 'menu_field_target', 'Открытие'),
(491, 1, 'menu_not_selected', 'Не выбрано ни одного пункта'),
(492, 1, 'menu_perm_not_exist', 'Привилегия не существует'),
(493, 1, 'menu_target_blank', 'В новой вкладке'),
(494, 1, 'menu_target_self', 'В текущей вкладке'),
(495, 1, 'menu_top_lvl', 'Верхний уровень'),
(496, 1, 'menugrp', 'Группы меню ПУ'),
(497, 1, 'message', 'Сообщение'),
(498, 1, 'method_in_class_not_found', 'Метод %s в классе %s не найден'),
(499, 1, 'method_not_found', 'Метод %s не найден'),
(500, 1, 'mgrp_accept', 'Удаление групп меню приведет к удалению всех входящих в них элементов меню. Вы уверены, что хотите удалить выбранные элементы?'),
(501, 1, 'mgrp_add', 'Добавление'),
(502, 1, 'mgrp_add_page_name', 'Добавление группы'),
(503, 1, 'mgrp_add_success', 'Группа меню успешно добавлена'),
(504, 1, 'mgrp_del_elements', 'Удалено элементов=> '),
(505, 1, 'mgrp_edit', 'Редактирование'),
(506, 1, 'mgrp_edit_page_name', 'Редактирование группы'),
(507, 1, 'mgrp_edit_success', 'Группа меню успешно изменена'),
(508, 1, 'mgrp_empty', 'Нет доступных групп меню'),
(509, 1, 'mgrp_field_access', 'Уровень доступа'),
(510, 1, 'mgrp_field_action', 'Действие'),
(511, 1, 'mgrp_field_action2', 'Действие с меню'),
(512, 1, 'mgrp_field_desc', 'Описание'),
(513, 1, 'mgrp_field_name', 'Название'),
(514, 1, 'mgrp_field_perm', 'Привилегии'),
(515, 1, 'mgrp_field_priority', 'Приоритет'),
(516, 1, 'mgrp_not_selected', 'Не выбрано ни одного пункта'),
(517, 1, 'mgrp_perm_not_exist', 'Привилегия не существует'),
(518, 1, 'mi_accept', 'Вы уверены, что хотите удалить выбранные элементы?'),
(519, 1, 'mi_add', 'Добавление'),
(520, 1, 'mi_add_page_name', 'Добавление иконки'),
(521, 1, 'mi_add_success', 'Иконка меню успешно добавлена'),
(522, 1, 'mi_del_elements', 'Удалено элементов=> '),
(523, 1, 'mi_edit', 'Редактирование'),
(524, 1, 'mi_edit_page_name', 'Редактирование иконки'),
(525, 1, 'mi_edit_success', 'Иконка меню успешно изменена'),
(526, 1, 'mi_empty', 'Нет доступных иконок'),
(527, 1, 'mi_field_action', 'Действие'),
(528, 1, 'mi_field_action2', 'Действие с иконками'),
(529, 1, 'mi_field_img', 'Изображение'),
(530, 1, 'mi_field_name', 'Название'),
(531, 1, 'mi_not_selected', 'Не выбрано ни одного пункта'),
(532, 1, 'mi_perm_not_exist', 'Привилегия не существует'),
(533, 1, 'miniprofile', 'Мини-профиль'),
(534, 1, 'mn_empty', 'Нет доступных серверов'),
(535, 1, 'mn_srv_offline', 'Сервер оффлайн'),
(536, 1, 'mn_success', 'Серверы успешно получены'),
(537, 1, 'mod_cfg_incorrect', 'Конфигурация модуля задана неверно'),
(538, 1, 'mod_cfg_not_found', 'Конфигурация модуля не найдена'),
(539, 1, 'mod_cfg_unsave', 'Конфигурация не сохранена'),
(540, 1, 'mod_download', 'Скачать'),
(541, 1, 'mod_edit', 'Редактирование'),
(542, 1, 'mod_edit_page_name', 'Редактирование модуля'),
(543, 1, 'mod_edit_success', 'Модуль успешно изменен'),
(544, 1, 'mod_empty', 'Нет доступных модулей'),
(545, 1, 'mod_field_action', 'Действие'),
(546, 1, 'mod_field_action2', 'Действие с модулями'),
(547, 1, 'mod_field_author', 'Автор'),
(548, 1, 'mod_field_email', 'E-Mail'),
(549, 1, 'mod_field_name', 'Название'),
(550, 1, 'mod_field_site', 'Сайт'),
(551, 1, 'mod_field_status', 'Статус'),
(552, 1, 'mod_field_upd', 'Обновления'),
(553, 1, 'mod_field_url', 'Источник обновлений'),
(554, 1, 'mod_field_ver', 'Версия'),
(555, 1, 'mod_last_version', '(У вас установлена последняя версия)'),
(556, 1, 'mod_name', 'Панель управления'),
(557, 1, 'mod_new_version', 'Есть новая версия -'),
(558, 1, 'mod_not_check', '(Не удалось проверить версию)'),
(559, 1, 'mod_off', 'Выключен'),
(560, 1, 'mod_off1', 'Выключены'),
(561, 1, 'mod_on', 'Включен'),
(562, 1, 'mod_on1', 'Включены'),
(563, 1, 'module_admin-panel', 'Панель управления'),
(564, 1, 'module_ajax', 'Ajax'),
(565, 1, 'module_auth', 'Авторизация'),
(566, 1, 'module_close-site', 'Технические работы'),
(567, 1, 'module_filemanager', 'Файловый загрузчик'),
(568, 1, 'module_logout', 'Выход'),
(569, 1, 'module_news', 'Новости'),
(570, 1, 'module_profile', 'Профиль'),
(571, 1, 'module_register', 'Регистрация'),
(572, 1, 'module_restore', 'Восстановление пароля'),
(573, 1, 'module_search', 'Поиск'),
(574, 1, 'module_statics', 'Статические страницы'),
(575, 1, 'modules', 'Модули'),
(576, 1, 'mon_accept', 'Вы уверены, что хотите удалить выбранные элементы?'),
(577, 1, 'mon_add', 'Добавление'),
(578, 1, 'mon_add_page_name', 'Добавление сервера'),
(579, 1, 'mon_add_success', 'Сервер успешно добавлен'),
(580, 1, 'mon_del_elements', 'Удалено элементов=> '),
(581, 1, 'mon_edit', 'Редактирование'),
(582, 1, 'mon_edit_page_name', 'Редактирование сервера'),
(583, 1, 'mon_edit_success', 'Сервер успешно изменен'),
(584, 1, 'mon_empty', 'Нет доступных серверов в мониторинге'),
(585, 1, 'mon_field_action', 'Действие'),
(586, 1, 'mon_field_action2', 'Действие с серверами'),
(587, 1, 'mon_field_addr', 'Адрес'),
(588, 1, 'mon_field_cache', 'Время кэша (сек.)'),
(589, 1, 'mon_field_desc', 'Описание'),
(590, 1, 'mon_field_error', 'Последняя ошибка'),
(591, 1, 'mon_field_ip', 'IP адрес'),
(592, 1, 'mon_field_name', 'Название'),
(593, 1, 'mon_field_port', 'Порт'),
(594, 1, 'mon_field_type', 'Тип'),
(595, 1, 'mon_not_selected', 'Не выбрано ни одного пункта'),
(596, 1, 'mon_perm_not_exist', 'Привилегия не существует'),
(597, 1, 'money', 'Игровой баланс'),
(598, 1, 'monitoring', 'Мониторинг серверов'),
(599, 1, 'new_pass', 'Новый пароль'),
(600, 1, 'news', 'Новости'),
(601, 1, 'news_accept', 'Вы уверены, что хотите удалить выбранные элементы?'),
(602, 1, 'news_access_denied', 'У вас нет доступа для просмотра новостей'),
(603, 1, 'news_add', 'Добавление'),
(604, 1, 'news_add_page_name', 'Добавление новости'),
(605, 1, 'news_add_success', 'Новость успешно добавлена'),
(606, 1, 'news_add_time_error', 'Время указано неправильно.'),
(607, 1, 'news_del_elements', 'Удалено элементов=> '),
(608, 1, 'news_e_cat_not_exist', 'Категория не существует'),
(609, 1, 'news_e_desc', 'Не заполнено поле \'Полное описание\''),
(610, 1, 'news_e_sdesc', 'Не заполнено поле \'Краткое описание\''),
(611, 1, 'news_edit', 'Редактирование'),
(612, 1, 'news_edit_page_name', 'Редактирование новости'),
(613, 1, 'news_edit_success', 'Новость успешно изменена'),
(614, 1, 'news_empty', 'Нет доступных новостей'),
(615, 1, 'news_field_action', 'Действие'),
(616, 1, 'news_field_action2', 'Действие с новостями'),
(617, 1, 'news_field_attach', 'Закрепить'),
(618, 1, 'news_field_cat', 'Категория'),
(619, 1, 'news_field_cdate', 'Дата создания'),
(620, 1, 'news_field_com', 'Включить комметарии'),
(621, 1, 'news_field_date', 'Запланировать новость'),
(622, 1, 'news_field_hidden', 'Скрыть новость'),
(623, 1, 'news_field_name', 'Название'),
(624, 1, 'news_field_tdate', 'Время создания'),
(625, 1, 'news_field_text', 'Текст новости'),
(626, 1, 'news_field_text_desc', 'Для разделения страницы до кнопки \'Читать далее\', используйте тег {READMORE}'),
(627, 1, 'news_field_views', 'Просмотров'),
(628, 1, 'news_field_vote', 'Включить голосования'),
(629, 1, 'news_go_home', 'На главную'),
(630, 1, 'news_not_found', 'Новость не найдена'),
(631, 1, 'news_not_selected', 'Не выбрано ни одного пункта'),
(632, 1, 'news_preview', 'Предпросмотр'),
(633, 1, 'news_prew_page_name', 'Предварительный просмотр'),
(634, 1, 'news_title_is_null', 'Заголовок новости пуст! Введите, пожалуйста, заголовок.'),
(635, 1, 'news_wo_cats', 'Без категории'),
(636, 1, 'next', 'Далее »'),
(637, 1, 'no_comments_avail', 'Нет доступных комментариев'),
(638, 1, 'no_news_avail', 'Нет доступных новостей'),
(639, 1, 'no_user_with_email', 'Пользователь с указанным E-Mail адресом не найден'),
(640, 1, 'not_auth_error', 'Вы не авторизованы'),
(641, 1, 'not_found', 'Не найдено'),
(642, 1, 'not_selected_block', 'Не выбрано ни одного блока'),
(643, 1, 'not_selected_module', 'Не выбрано ни одного модуля'),
(644, 1, 'nv_accept', 'Вы уверены, что хотите удалить выбранные элементы?'),
(645, 1, 'nv_del_elements', 'Удалено элементов=> '),
(646, 1, 'nv_empty', 'Нет доступных просмотров'),
(647, 1, 'nv_field_action', 'Действие'),
(648, 1, 'nv_field_action2', 'Действие с просмотрами'),
(649, 1, 'nv_field_date', 'Дата'),
(650, 1, 'nv_field_news', 'Новость'),
(651, 1, 'nv_field_user', 'Пользователь'),
(652, 1, 'nv_news_deleted', 'Новость удалена'),
(653, 1, 'nv_not_selected', 'Не выбрано ни одного пункта'),
(654, 1, 'nvt_accept', 'Вы уверены, что хотите удалить выбранные элементы?'),
(655, 1, 'nvt_del_elements', 'Удалено элементов=> '),
(656, 1, 'nvt_empty', 'Нет доступных голосов'),
(657, 1, 'nvt_field_action', 'Действие'),
(658, 1, 'nvt_field_action2', 'Действие с голосами'),
(659, 1, 'nvt_field_date', 'Дата'),
(660, 1, 'nvt_field_news', 'Новость'),
(661, 1, 'nvt_field_user', 'Пользователь'),
(662, 1, 'nvt_field_value', 'Значение'),
(663, 1, 'nvt_news_deleted', 'Новость удалена'),
(664, 1, 'nvt_not_selected', 'Не выбрано ни одного пункта'),
(665, 1, 'of_comments', 'Комментариев'),
(666, 1, 'off', 'Выкл.'),
(667, 1, 'official_site', 'Официальный сайт'),
(668, 1, 'offline', 'Оффлайн'),
(669, 1, 'on', 'Вкл.'),
(670, 1, 'online_block_name', 'Онлайн'),
(671, 1, 'online_empty', 'Нет зарегистрированных пользователей'),
(672, 1, 'online_guests', 'гостей'),
(673, 1, 'online_loading', 'Загрузка статистики...'),
(674, 1, 'online_now', 'Сейчас на сайте'),
(675, 1, 'online_users', 'Из них пользователей'),
(676, 1, 'pass-lenght_error', 'Пароль должен быть не менее 6-ти символов'),
(677, 1, 'pass-match_error', 'Пароли не совпадают'),
(678, 1, 'password', 'Пароль'),
(679, 1, 'password_encrypt', 'Метод шифрования паролей'),
(680, 1, 'password_updated', 'Ваш пароль успешно изменен. Теперь вы можете войти'),
(681, 1, 'patch_install', 'Установить'),
(682, 1, 'patch_name', 'Название патча'),
(683, 1, 'patch_warning', 'Перед установкой патча совместимости, произведите установку выбранной системы и сделайте бекап файлов и базы данных. После установки патча, все пользователи будут удалены из WebMCR Reloaded и будет создан новый администратор с ником и паролем администратора в установленной системе.'),
(684, 1, 'patches', 'Патчи интеграции'),
(685, 1, 'perm_accept', 'Удаление привилегий может повлиять на работу некоторых модулей. Вы уверены, что хотите удалить выбранные элементы?'),
(686, 1, 'perm_add', 'Добавление'),
(687, 1, 'perm_add_page_name', 'Добавление привилегии'),
(688, 1, 'perm_add_success', 'Привилегия успешно добавлена'),
(689, 1, 'perm_boolean', 'Булевое значение'),
(690, 1, 'perm_change_system', 'Запрещено менять тип и значение системных привилегий'),
(691, 1, 'perm_def_value', 'Значение по умолчанию'),
(692, 1, 'perm_del_elements', 'Удалено элементов=> '),
(693, 1, 'perm_edit', 'Редактирование'),
(694, 1, 'perm_edit_page_name', 'Редактирование привилегии'),
(695, 1, 'perm_edit_success', 'Привилегия успешно изменена'),
(696, 1, 'perm_empty', 'Нет доступных привилегий'),
(697, 1, 'perm_field_action', 'Действие'),
(698, 1, 'perm_field_action2', 'Действие с привилегиями'),
(699, 1, 'perm_field_default', 'По умолчанию'),
(700, 1, 'perm_field_desc', 'Описание'),
(701, 1, 'perm_field_name', 'Название'),
(702, 1, 'perm_field_type', 'Тип'),
(703, 1, 'perm_field_value', 'Значение'),
(704, 1, 'perm_float', 'Число с плавающей точкой'),
(705, 1, 'perm_integer', 'Целое число'),
(706, 1, 'perm_not_selected', 'Не выбрано ни одного пункта'),
(707, 1, 'perm_string', 'Строка'),
(708, 1, 'perm_system', 'Системный элемент'),
(709, 1, 'permissions', 'Привилегии'),
(710, 1, 'profile', 'Профиль'),
(711, 1, 'readmore', 'Читать далее...'),
(712, 1, 'real_money', 'Реальный баланс'),
(713, 1, 'reg_off_for_group', 'Регистрация отключена для вашей группы пользователей'),
(714, 1, 'register', 'Регистрация'),
(715, 1, 'register_accept', 'Я принимаю данные правила и обязуюсь их соблюдать'),
(716, 1, 'register_e_already', 'Вы уже зарегистрированы'),
(717, 1, 'register_repass', 'Повторите пароль'),
(718, 1, 'registratin_success', 'Вы успешно зарегистрировались. Теперь вы можете войти под своим логином и паролем.'),
(719, 1, 'registration_accept', 'Вы успешно подтвердили регистрацию'),
(720, 1, 'registration_limit', 'Вы уже регистрировались ранее'),
(721, 1, 'remember', 'Запомнить'),
(722, 1, 'remember_me', 'Запомнить меня'),
(723, 1, 'restore', 'Восстановление пароля'),
(724, 1, 'restore_limit_error', 'Привышен максимально допустимый лимит на восстановление пароля'),
(725, 1, 'restore_pass_length_error', 'Пароль должен быть не менее 6-ти символов'),
(726, 1, 'restore_permission_error', 'Восстановление пароля ограничено администрацией'),
(727, 1, 'restore_sended', 'Инструкция по восстановлению пароля отправлена на указанный E-Mail'),
(728, 1, 'rules_error', 'Для регистрации необходимо принять правила'),
(729, 1, 'search_access_denied', 'Поиск %s ограничен администрацией'),
(730, 1, 'search_added', 'Добавлено'),
(731, 1, 'search_msg_res1', 'По запросу'),
(732, 1, 'search_msg_res2', 'найдено результатов'),
(733, 1, 'search_permission_error', 'Поиск ограничен администрацией'),
(734, 1, 'search_placeholder', 'Введите запрос'),
(735, 1, 'search_results', 'Результаты поиска'),
(736, 1, 'send_by_user', 'Отправлено пользователем'),
(737, 1, 'sended_mail', 'Письмо с подтверждением регистрации отправлено на E-Mail, указанный при регистрации'),
(738, 1, 'set_base', 'База'),
(739, 1, 'set_base_base', 'Имя базы'),
(740, 1, 'set_base_base_ph', 'Имя базы данных'),
(741, 1, 'set_base_host', 'Адрес сервера'),
(742, 1, 'set_base_host_ph', 'Адрес сервера баз данных'),
(743, 1, 'set_base_pass', 'Пароль'),
(744, 1, 'set_base_pass_ph', 'Пароль пользователя баз данных'),
(745, 1, 'set_base_port', 'Порт'),
(746, 1, 'set_base_port_ph', 'Порт сервера'),
(747, 1, 'set_base_type', 'Тип'),
(748, 1, 'set_base_type_mysql', 'MySQL'),
(749, 1, 'set_base_type_mysqli', 'MySQLi (Рекомендуется)'),
(750, 1, 'set_base_type_pdo', 'PDO (Не поддерживается)'),
(751, 1, 'set_base_user', 'Пользователь'),
(752, 1, 'set_base_user_ph', 'Пользователь баз данных'),
(753, 1, 'set_captcha_incorrect', 'Капча указана некорректно'),
(754, 1, 'set_e_cfg_save', 'Не удалось сохранить файл конфигурации'),
(755, 1, 'set_e_hash', 'Неверная хэш-сумма полей'),
(756, 1, 'set_func', 'Функции'),
(757, 1, 'set_func_advice', 'Выводить советы'),
(758, 1, 'set_funt_bc', 'Выводить хлебные крошки'),
(759, 1, 'set_funt_close', 'Технические работы'),
(760, 1, 'set_funt_close_time', 'Время до конца тех. работ'),
(761, 1, 'set_funt_reglimit', 'Максимальное кол-во регистраций с одного IP'),
(762, 1, 'set_mail', 'Почта'),
(763, 1, 'set_mail_from', 'От кого'),
(764, 1, 'set_mail_from_name', 'Имя отправителя'),
(765, 1, 'set_mail_from_name_ph', 'Имя отправителя'),
(766, 1, 'set_mail_from_ph', 'От кого было отправлено сообщение'),
(767, 1, 'set_mail_reply', 'E-Mail ответа'),
(768, 1, 'set_mail_reply_name', 'Имя отправителя ответа'),
(769, 1, 'set_mail_reply_name_ph', 'Имя отправителя ответа'),
(770, 1, 'set_mail_reply_ph', 'E-Mail отправителя'),
(771, 1, 'set_mail_smtp', 'Настройки SMTP'),
(772, 1, 'set_mail_smtp_host', 'SMTP сервер'),
(773, 1, 'set_mail_smtp_host_ph', 'Адрес SMTP сервера'),
(774, 1, 'set_mail_smtp_pass', 'Пароль'),
(775, 1, 'set_mail_smtp_pass_ph', 'Пароль пользователя SMTP сервера'),
(776, 1, 'set_mail_smtp_tls', 'Использовать TLS'),
(777, 1, 'set_mail_smtp_use', 'Использовать SMTP'),
(778, 1, 'set_mail_smtp_user', 'Имя пользователя'),
(779, 1, 'set_mail_smtp_user_ph', 'Имя пользователя SMTP сервера'),
(780, 1, 'set_main', 'Основные'),
(781, 1, 'set_main_captcha', 'Капча'),
(782, 1, 'set_main_client', 'Ссылка на страницу с клиентом игры'),
(783, 1, 'set_main_debug', 'Отладка'),
(784, 1, 'set_main_key_private', 'Приватный ключ'),
(785, 1, 'set_main_key_public', 'Публичный ключ'),
(786, 1, 'set_main_log', 'Лог ошибок'),
(787, 1, 'set_main_montype', 'Тип мониторинга'),
(788, 1, 'set_main_mtapi', 'Через API MineTools'),
(789, 1, 'set_main_reg', 'Подтверждение регистрации'),
(790, 1, 'set_main_sitedesc', 'Описание сайта'),
(791, 1, 'set_main_sitekeys', 'Ключевые слова'),
(792, 1, 'set_main_sitename', 'Название сайта'),
(793, 1, 'set_main_sockets', 'Через сокеты'),
(794, 1, 'set_main_start', 'Начальная страница'),
(795, 1, 'set_main_theme', 'Шаблон'),
(796, 1, 'set_pagin', 'Постраничная навигация'),
(797, 1, 'set_pagin_arrows', 'Кол-во стрелок'),
(798, 1, 'set_pagin_arrows_ph', 'Кол-во стрелок с каждой стороны'),
(799, 1, 'set_pagin_comments', 'Комментарии'),
(800, 1, 'set_pagin_comments_ph', 'Кол-во комментариев на одну страницу'),
(801, 1, 'set_pagin_cp_cats', 'Категории новостей'),
(802, 1, 'set_pagin_cp_cats_ph', 'Кол-во категорий новостей в ПУ'),
(803, 1, 'set_pagin_cp_coms', 'Комментарии'),
(804, 1, 'set_pagin_cp_coms_ph', 'Кол-во комментариев в ПУ'),
(805, 1, 'set_pagin_cp_groups', 'Группы пользователей'),
(806, 1, 'set_pagin_cp_groups_ph', 'Кол-во групп пользователей в ПУ'),
(807, 1, 'set_pagin_cp_icons', 'Иконки меню'),
(808, 1, 'set_pagin_cp_icons_ph', 'Кол-во иконок меню в ПУ'),
(809, 1, 'set_pagin_cp_logs', 'Логи'),
(810, 1, 'set_pagin_cp_logs_ph', 'Кол-во логов в ПУ'),
(811, 1, 'set_pagin_cp_menu', 'Пунктов меню'),
(812, 1, 'set_pagin_cp_menu_cp', 'Пункты меню ПУ'),
(813, 1, 'set_pagin_cp_menu_cp_ph', 'Кол-во пункты меню ПУ в ПУ'),
(814, 1, 'set_pagin_cp_menu_ph', 'Кол-во пунктов меню сайта в ПУ'),
(815, 1, 'set_pagin_cp_mgroups', 'Группы меню'),
(816, 1, 'set_pagin_cp_mgroups_ph', 'Кол-во групп меню в ПУ'),
(817, 1, 'set_pagin_cp_mon', 'Мониторинг'),
(818, 1, 'set_pagin_cp_mon_ph', 'Кол-во серверов в мониторинге в ПУ'),
(819, 1, 'set_pagin_cp_news', 'Новости'),
(820, 1, 'set_pagin_cp_news_ph', 'Кол-во новостей в ПУ'),
(821, 1, 'set_pagin_cp_prems', 'Привилегии'),
(822, 1, 'set_pagin_cp_prems_ph', 'Кол-во привилегий в ПУ'),
(823, 1, 'set_pagin_cp_sect', 'Панель управления'),
(824, 1, 'set_pagin_cp_stc', 'Статические страницы'),
(825, 1, 'set_pagin_cp_stc_ph', 'Кол-во статических страниц в ПУ'),
(826, 1, 'set_pagin_cp_users', 'Пользователи'),
(827, 1, 'set_pagin_cp_users_ph', 'Кол-во пользователей в ПУ'),
(828, 1, 'set_pagin_cp_views', 'Просмотров новости'),
(829, 1, 'set_pagin_cp_views_ph', 'Кол-во просмотров новостей в ПУ'),
(830, 1, 'set_pagin_cp_votes', 'Голосов новости'),
(831, 1, 'set_pagin_cp_votes_ph', 'Кол-во голосов новостей в ПУ'),
(832, 1, 'set_pagin_news', 'Новости'),
(833, 1, 'set_pagin_news_ph', 'Кол-во новостей на одну страницу'),
(834, 1, 'set_pagin_search_c', 'Поиск по комментариям'),
(835, 1, 'set_pagin_search_c_ph', 'Кол-во комментариев на одну страницу в поиске'),
(836, 1, 'set_pagin_search_n', 'Поиск по новостям'),
(837, 1, 'set_pagin_search_n_ph', 'Кол-во новостей на одну страницу в поиске'),
(838, 1, 'set_pagin_user_sect', 'Пользовательская часть'),
(839, 1, 'set_save_by_admin', 'Настройки профиля ограничены администрацией'),
(840, 1, 'set_save_success', 'Настройки успешно сохранены'),
(841, 1, 'set_search', 'Поиск'),
(842, 1, 'set_srch_lvl', 'Уровень доступа'),
(843, 1, 'set_srch_name', 'Название'),
(844, 1, 'set_success_save', 'Настройки успешно сохранены'),
(845, 1, 'set_theme_incorrect', 'Шаблон указан некорректно'),
(846, 1, 'settings', 'Настройки'),
(847, 1, 'settings_save_error', 'Настройки не могут быть сохранены'),
(848, 1, 'sign_in', 'Войти'),
(849, 1, 'sign_up', 'Зарегистрироваться'),
(850, 1, 'site_desc', 'Описание сайта'),
(851, 1, 'site_keys', 'Ключевые слова'),
(852, 1, 'site_name', 'Название сайта'),
(853, 1, 'skin_access_by_admin', 'Удаление скина ограничено администрацией'),
(854, 1, 'skin_edit_by_admin', 'Изменение скина ограничено администрацией'),
(855, 1, 'skin_folder_permission_error', 'Отсутствуют права на запись папки скинов'),
(856, 1, 'skin_intf_permission_error', 'Отсутствуют права на запись папки скинов-интерфейсов'),
(857, 1, 'skin_not_set', 'Скин не установлен'),
(858, 1, 'skin_permission_error', 'Отсутствуют права на запись'),
(859, 1, 'skin_size', 'Привышен максимально допустимый размер файла'),
(860, 1, 'skin_success_del', 'Ваш скин успешно удален'),
(861, 1, 'skin_success_edit', 'Ваш скин успешно изменен'),
(862, 1, 'smtp_host', 'Адрес SMTP сервера'),
(863, 1, 'smtp_pass', 'SMTP пароль'),
(864, 1, 'smtp_tls', 'Использовать TLS'),
(865, 1, 'smtp_use', 'Использовать SMTP'),
(866, 1, 'smtp_user', 'SMTP пользователь'),
(867, 1, 'sql_error', 'SQL Error #'),
(868, 1, 'statics', 'Статические страницы'),
(869, 1, 'stc_accept', 'Вы уверены, что хотите удалить выбранные элементы?'),
(870, 1, 'stc_add', 'Добавление'),
(871, 1, 'stc_add_page_name', 'Добавление статической страницы'),
(872, 1, 'stc_add_success', 'Статическая страница успешно добавлена'),
(873, 1, 'stc_del_elements', 'Удалено элементов=> '),
(874, 1, 'stc_e_text_empty', 'Не заполнено поле \'Текст страницы\''),
(875, 1, 'stc_e_text_incorrect', 'Не верно заполнено поле \'Текст страницы\''),
(876, 1, 'stc_edit', 'Редактирование'),
(877, 1, 'stc_edit_page_name', 'Редактирование статической страницы'),
(878, 1, 'stc_edit_success', 'Статическая страница успешно изменена'),
(879, 1, 'stc_empty', 'Нет доступных статических страниц'),
(880, 1, 'stc_field_access', 'Уровень доступа'),
(881, 1, 'stc_field_action', 'Действие'),
(882, 1, 'stc_field_action2', 'Действие со страницами'),
(883, 1, 'stc_field_name', 'Название'),
(884, 1, 'stc_field_perm', 'Привилегии'),
(885, 1, 'stc_field_preview', 'Предпросмотр'),
(886, 1, 'stc_field_text', 'Текст страницы'),
(887, 1, 'stc_field_uniq', 'Идентификатор'),
(888, 1, 'stc_go_home', 'На главную'),
(889, 1, 'stc_not_selected', 'Не выбрано ни одного пункта'),
(890, 1, 'stc_perm_not_exist', 'ОТСУТСТВУЕТ'),
(891, 1, 'stc_preview', 'Предварительный просмотр'),
(892, 1, 'success_news-delete', 'Новость успешно удалена'),
(893, 1, 'success_save', 'Патч был успешно примерен'),
(894, 1, 'target_blank', 'Ссылка откроется в новой вкладке'),
(895, 1, 'theme_user', 'Автор изначального шаблона'),
(896, 1, 'time_create', 'Время создания'),
(897, 1, 'unattach', 'Открепить'),
(898, 1, 'unfixing', 'Открепление'),
(899, 1, 'unknown_method_encrypt', 'Неверный метод шифрования паролей'),
(900, 1, 'update', 'Обновить'),
(901, 1, 'useful_links', 'Полезные ссылки'),
(902, 1, 'user_accept', 'Удаление пользователей приведет к удалению всей информации о них. Вы уверены, что хотите удалить выбранные элементы?'),
(903, 1, 'user_accept2', 'Вы действительно хотите забанить выбранных пользователей на сервере?'),
(904, 1, 'user_accept3', 'Вы действительно хотите разбанить выбранных пользователей на сервере?'),
(905, 1, 'user_add', 'Добавление'),
(906, 1, 'user_add_page_name', 'Добавление пользователя'),
(907, 1, 'user_add_success', 'Пользователь успешно добавлен'),
(908, 1, 'user_ban', 'забанены'),
(909, 1, 'user_del_elements', 'Удалено элементов=> '),
(910, 1, 'user_deleted', 'Пользователь удален'),
(911, 1, 'user_e_cloak_name', 'Не удалось изменить название плаща'),
(912, 1, 'user_e_color_format', 'Неверный формат цвета'),
(913, 1, 'user_e_incorrect_bday', 'Неверный формат даты рождения'),
(914, 1, 'user_e_incorrect_fname', 'Имя может состоять только из букв'),
(915, 1, 'user_e_incorrect_lname', 'Фамилия может состоять только из букв'),
(916, 1, 'user_e_reg_pass_length', 'Пароль должен быть не менее 6-ти символов'),
(917, 1, 'user_e_skin_name', 'Не удалось изменить название скина'),
(918, 1, 'user_edit', 'Редактирование'),
(919, 1, 'user_edit_page_name', 'Редактирование пользователя'),
(920, 1, 'user_edit_success', 'Пользователь успешно изменен'),
(921, 1, 'user_empty', 'Нет доступных пользователей'),
(922, 1, 'user_field_action', 'Действие'),
(923, 1, 'user_field_action2', 'Действие с пользователями'),
(924, 1, 'user_group_not_found', 'Группа не существует'),
(925, 1, 'user_not_found', 'Пользователи не найдены'),
(926, 1, 'user_not_selected', 'Не выбрано ни одного пункта'),
(927, 1, 'user_success', 'Выбранные пользователи успешно'),
(928, 1, 'user_unban', 'разбанены'),
(929, 1, 'users', 'Пользователи'),
(930, 1, 'views', 'Просмотры'),
(931, 1, 'vk_page', 'Страница VK'),
(932, 1, 'votes', 'Голоса'),
(933, 1, 'warning', 'Внимание!'),
(934, 1, 'write_access_error', 'Файл недоступен для записи'),
(935, 1, 'wrong_pass', 'Неверный логин или пароль'),
(936, 1, '403', '403'),
(937, 1, '404', '404');
#line
CREATE TABLE IF NOT EXISTS `mcr_news_comments` (
  `id` int(10) NOT NULL AUTO_INCREMENT,
  `nid` int(10) NOT NULL DEFAULT '0',
  `text_html` text NOT NULL,
  `text_bb` text NOT NULL,
  `uid` int(10) NOT NULL DEFAULT '0',
  `date` datetime NOT NULL,
  `data` text NOT NULL,
  PRIMARY KEY (`id`),
  KEY `nid` (`nid`),
  KEY `uid` (`uid`)
) ENGINE=InnoDB DEFAULT CHARSET=utf8 AUTO_INCREMENT=1 ;
#line
CREATE TABLE IF NOT EXISTS `mcr_files` (
  `id` int(10) NOT NULL AUTO_INCREMENT,
  `uniq` varchar(64) CHARACTER SET latin1 NOT NULL DEFAULT '',
  `name` varchar(255) CHARACTER SET latin1 NOT NULL DEFAULT '',
  `oldname` varchar(255) NOT NULL DEFAULT '',
  `uid` int(10) NOT NULL DEFAULT '0',
  `data` text NOT NULL,
  `hash` varchar(255) NOT NULL,
  PRIMARY KEY (`id`),
  UNIQUE KEY `uniq` (`uniq`),
  UNIQUE KEY `hash` (`hash`),
  KEY `uid` (`uid`)
) ENGINE=InnoDB DEFAULT CHARSET=utf8 AUTO_INCREMENT=1 ;
#line
CREATE TABLE IF NOT EXISTS `~ug~` (
  `~ug_id~` int(10) NOT NULL AUTO_INCREMENT,
  `~ug_title~` varchar(32) NOT NULL DEFAULT '',
  `~ug_text~` varchar(255) NOT NULL DEFAULT '',
  `~ug_color~` varchar(24) NOT NULL DEFAULT '',
  `~ug_perm~` text NOT NULL,
  PRIMARY KEY (`~ug_id~`)
) ENGINE=InnoDB  DEFAULT CHARSET=utf8 AUTO_INCREMENT=4 ;
#line
INSERT INTO `~ug~` (`~ug_id~`, `~ug_title~`, `~ug_text~`, `~ug_color~`, `~ug_perm~`) VALUES
(0, 'Заблокированный', 'Группа заблокированных пользователей', '', '{"color":0,"sys_debug":false,"sys_max_file_size":0,"sys_max_ratio":0,"sys_monitoring":true,"sys_share":true,"sys_search":true,"sys_restore":true,"sys_register":true,"sys_profile":true,"sys_profile_del_skin":false,"sys_profile_del_cloak":false,"sys_profile_skin":false,"sys_profile_cloak":false,"sys_profile_settings":false,"sys_news_list":true,"sys_news_full":true,"sys_comment_list":false,"sys_comment_add":false,"sys_comment_edt":false,"sys_comment_edt_all":false,"sys_comment_del":false,"sys_comment_del_all":false,"sys_auth":false,"sys_adm_main":false,"sys_adm_news":false,"sys_adm_news_cats":false,"sys_adm_news_views":false,"sys_adm_news_votes":false,"sys_adm_comments":false,"sys_adm_menu":false,"sys_adm_menu_adm":false,"sys_adm_menu_groups":false,"sys_adm_menu_icons":false,"sys_adm_users":false,"sys_adm_groups":false,"sys_adm_permissions":false,"sys_adm_statics":false,"sys_adm_info":false,"sys_adm_settings":false,"sys_adm_monitoring":false,"sys_adm_modules":false,"sys_search_news":false,"sys_search_comments":false,"sys_news_like":false,"sys_adm_m_g_main":false,"sys_adm_m_g_news":false,"sys_adm_m_g_users":false,"sys_adm_m_g_menu":false,"sys_adm_m_g_settings":false,"sys_adm_m_i_news":false,"sys_adm_m_i_news_cats":false,"sys_adm_m_i_comments":false,"sys_adm_m_i_news_views":false,"sys_adm_m_i_news_votes":false,"sys_adm_m_i_users":false,"sys_adm_m_i_groups":false,"sys_adm_m_i_permissions":false,"sys_adm_m_i_menu":false,"sys_adm_m_i_menu_adm":false,"sys_adm_m_i_menu_groups_adm":false,"sys_adm_m_i_icons":false,"sys_adm_m_i_statics":false,"sys_adm_m_i_settings":false,"sys_adm_m_i_monitor":false,"sys_adm_m_i_info":false,"sys_adm_m_i_modules":false,"sys_adm_m_i_logs":false,"sys_adm_manager":false,"sys_adm_logs":false,"sys_adm_permissions_add":false,"sys_adm_permissions_edit":false,"sys_adm_permissions_delete":false,"sys_adm_comments_add":false,"sys_adm_comments_edit":false,"sys_adm_comments_delete":false,"sys_adm_groups_add":false,"sys_adm_groups_edit":false,"sys_adm_groups_delete":false,"sys_adm_menu_add":false,"sys_adm_menu_edit":false,"sys_adm_menu_delete":false,"sys_adm_menu_adm_add":false,"sys_adm_menu_adm_edit":false,"sys_adm_menu_adm_delete":false,"sys_adm_menu_groups_add":false,"sys_adm_menu_groups_edit":false,"sys_adm_menu_groups_delete":false,"sys_adm_menu_icons_add":false,"sys_adm_menu_icons_edit":false,"sys_adm_menu_icons_delete":false,"sys_adm_monitoring_add":false,"sys_adm_monitoring_edit":false,"sys_adm_monitoring_delete":false,"sys_adm_news_add":false,"sys_adm_news_edit":false,"sys_adm_news_delete":false,"sys_adm_news_cats_add":false,"sys_adm_news_cats_edit":false,"sys_adm_news_cats_delete":false,"sys_adm_statics_add":false,"sys_adm_statics_edit":false,"sys_adm_statics_delete":false,"sys_adm_users_add":false,"sys_adm_users_edit":false,"sys_adm_users_delete":false,"sys_adm_users_ban":false,"sys_adm_modules_edit":false,"sys_adm_news_views_delete":false,"sys_adm_news_votes_delete":false,"sys_adm_blocks":false,"sys_adm_m_i_blocks":false,"sys_adm_blocks_edit":false,"block_online":false,"block_banner":false}'),
(1, 'Непроверенный', 'Группа непроверенных пользователей', '', '{"color":0,"sys_debug":false,"sys_max_file_size":1024,"sys_max_ratio":0,"sys_monitoring":true,"sys_share":true,"sys_search":true,"sys_restore":true,"sys_register":true,"sys_profile":true,"sys_profile_del_skin":false,"sys_profile_del_cloak":false,"sys_profile_skin":false,"sys_profile_cloak":false,"sys_profile_settings":false,"sys_news_list":true,"sys_news_full":true,"sys_comment_list":true,"sys_comment_add":false,"sys_comment_edt":false,"sys_comment_edt_all":false,"sys_comment_del":false,"sys_comment_del_all":false,"sys_auth":true,"sys_adm_main":false,"sys_adm_news":false,"sys_adm_news_cats":false,"sys_adm_news_views":false,"sys_adm_news_votes":false,"sys_adm_comments":false,"sys_adm_menu":false,"sys_adm_menu_adm":false,"sys_adm_menu_groups":false,"sys_adm_menu_icons":false,"sys_adm_users":false,"sys_adm_groups":false,"sys_adm_permissions":false,"sys_adm_statics":false,"sys_adm_info":false,"sys_adm_settings":false,"sys_adm_monitoring":false,"sys_adm_modules":false,"sys_search_news":true,"sys_search_comments":false,"sys_news_like":false,"sys_adm_m_g_main":false,"sys_adm_m_g_news":false,"sys_adm_m_g_users":false,"sys_adm_m_g_menu":false,"sys_adm_m_g_settings":false,"sys_adm_m_i_news":false,"sys_adm_m_i_news_cats":false,"sys_adm_m_i_comments":false,"sys_adm_m_i_news_views":false,"sys_adm_m_i_news_votes":false,"sys_adm_m_i_users":false,"sys_adm_m_i_groups":false,"sys_adm_m_i_permissions":false,"sys_adm_m_i_menu":false,"sys_adm_m_i_menu_adm":false,"sys_adm_m_i_menu_groups_adm":false,"sys_adm_m_i_icons":false,"sys_adm_m_i_statics":false,"sys_adm_m_i_settings":false,"sys_adm_m_i_monitor":false,"sys_adm_m_i_info":false,"sys_adm_m_i_modules":false,"sys_adm_m_i_logs":false,"sys_adm_manager":false,"sys_adm_logs":false,"sys_adm_permissions_add":false,"sys_adm_permissions_edit":false,"sys_adm_permissions_delete":false,"sys_adm_comments_add":false,"sys_adm_comments_edit":false,"sys_adm_comments_delete":false,"sys_adm_groups_add":false,"sys_adm_groups_edit":false,"sys_adm_groups_delete":false,"sys_adm_menu_add":false,"sys_adm_menu_edit":false,"sys_adm_menu_delete":false,"sys_adm_menu_adm_add":false,"sys_adm_menu_adm_edit":false,"sys_adm_menu_adm_delete":false,"sys_adm_menu_groups_add":false,"sys_adm_menu_groups_edit":false,"sys_adm_menu_groups_delete":false,"sys_adm_menu_icons_add":false,"sys_adm_menu_icons_edit":false,"sys_adm_menu_icons_delete":false,"sys_adm_monitoring_add":false,"sys_adm_monitoring_edit":false,"sys_adm_monitoring_delete":false,"sys_adm_news_add":false,"sys_adm_news_edit":false,"sys_adm_news_delete":false,"sys_adm_news_cats_add":false,"sys_adm_news_cats_edit":false,"sys_adm_news_cats_delete":false,"sys_adm_statics_add":false,"sys_adm_statics_edit":false,"sys_adm_statics_delete":false,"sys_adm_users_add":false,"sys_adm_users_edit":false,"sys_adm_users_delete":false,"sys_adm_users_ban":false,"sys_adm_modules_edit":false,"sys_adm_news_views_delete":false,"sys_adm_news_votes_delete":false,"sys_adm_blocks":false,"sys_adm_m_i_blocks":false,"sys_adm_blocks_edit":false,"block_online":true,"block_banner":false}'),
(2, 'Пользователь', 'Зарегистрированные и проверенные пользователи', '', '{"color":0,"sys_debug":false,"sys_max_file_size":1024,"sys_max_ratio":1,"sys_monitoring":true,"sys_share":true,"sys_search":true,"sys_restore":true,"sys_register":true,"sys_profile":true,"sys_profile_del_skin":true,"sys_profile_del_cloak":true,"sys_profile_skin":true,"sys_profile_cloak":true,"sys_profile_settings":true,"sys_news_list":true,"sys_news_full":true,"sys_comment_list":true,"sys_comment_add":true,"sys_comment_edt":true,"sys_comment_edt_all":false,"sys_comment_del":false,"sys_comment_del_all":false,"sys_auth":true,"sys_adm_main":false,"sys_adm_news":false,"sys_adm_news_cats":false,"sys_adm_news_views":false,"sys_adm_news_votes":false,"sys_adm_comments":false,"sys_adm_menu":false,"sys_adm_menu_adm":false,"sys_adm_menu_groups":false,"sys_adm_menu_icons":false,"sys_adm_users":false,"sys_adm_groups":false,"sys_adm_permissions":false,"sys_adm_statics":false,"sys_adm_info":false,"sys_adm_settings":false,"sys_adm_monitoring":false,"sys_adm_modules":false,"sys_search_news":true,"sys_search_comments":true,"sys_news_like":true,"sys_adm_m_g_main":false,"sys_adm_m_g_news":false,"sys_adm_m_g_users":false,"sys_adm_m_g_menu":false,"sys_adm_m_g_settings":false,"sys_adm_m_i_news":false,"sys_adm_m_i_news_cats":false,"sys_adm_m_i_comments":false,"sys_adm_m_i_news_views":false,"sys_adm_m_i_news_votes":false,"sys_adm_m_i_users":false,"sys_adm_m_i_groups":false,"sys_adm_m_i_permissions":false,"sys_adm_m_i_menu":false,"sys_adm_m_i_menu_adm":false,"sys_adm_m_i_menu_groups_adm":false,"sys_adm_m_i_icons":false,"sys_adm_m_i_statics":false,"sys_adm_m_i_settings":false,"sys_adm_m_i_monitor":false,"sys_adm_m_i_info":false,"sys_adm_m_i_modules":false,"sys_adm_m_i_logs":false,"sys_adm_manager":false,"sys_adm_logs":false,"sys_adm_permissions_add":false,"sys_adm_permissions_edit":false,"sys_adm_permissions_delete":false,"sys_adm_comments_add":false,"sys_adm_comments_edit":false,"sys_adm_comments_delete":false,"sys_adm_groups_add":false,"sys_adm_groups_edit":false,"sys_adm_groups_delete":false,"sys_adm_menu_add":false,"sys_adm_menu_edit":false,"sys_adm_menu_delete":false,"sys_adm_menu_adm_add":false,"sys_adm_menu_adm_edit":false,"sys_adm_menu_adm_delete":false,"sys_adm_menu_groups_add":false,"sys_adm_menu_groups_edit":false,"sys_adm_menu_groups_delete":false,"sys_adm_menu_icons_add":false,"sys_adm_menu_icons_edit":false,"sys_adm_menu_icons_delete":false,"sys_adm_monitoring_add":false,"sys_adm_monitoring_edit":false,"sys_adm_monitoring_delete":false,"sys_adm_news_add":false,"sys_adm_news_edit":false,"sys_adm_news_delete":false,"sys_adm_news_cats_add":false,"sys_adm_news_cats_edit":false,"sys_adm_news_cats_delete":false,"sys_adm_statics_add":false,"sys_adm_statics_edit":false,"sys_adm_statics_delete":false,"sys_adm_users_add":false,"sys_adm_users_edit":false,"sys_adm_users_delete":false,"sys_adm_users_ban":false,"sys_adm_modules_edit":false,"sys_adm_news_views_delete":false,"sys_adm_news_votes_delete":false,"sys_adm_blocks":false,"sys_adm_m_i_blocks":false,"sys_adm_blocks_edit":false,"block_online":true,"block_banner":false}'),
(3, 'Администратор', 'Группа администрации', '', '{"color":0,"sys_debug":true,"sys_max_file_size":4096,"sys_max_ratio":32,"sys_monitoring":true,"sys_share":true,"sys_search":true,"sys_restore":true,"sys_register":true,"sys_profile":true,"sys_profile_del_skin":true,"sys_profile_del_cloak":true,"sys_profile_skin":true,"sys_profile_cloak":true,"sys_profile_settings":true,"sys_news_list":true,"sys_news_full":true,"sys_comment_list":true,"sys_comment_add":true,"sys_comment_edt":true,"sys_comment_edt_all":true,"sys_comment_del":true,"sys_comment_del_all":true,"sys_auth":true,"sys_adm_main":true,"sys_adm_l10n":true,"sys_adm_news":true,"sys_adm_news_cats":true,"sys_adm_news_views":true,"sys_adm_news_votes":true,"sys_adm_comments":true,"sys_adm_menu":true,"sys_adm_menu_adm":true,"sys_adm_menu_groups":true,"sys_adm_menu_icons":true,"sys_adm_users":true,"sys_adm_groups":true,"sys_adm_permissions":true,"sys_adm_statics":true,"sys_adm_info":true,"sys_adm_settings":true,"sys_adm_monitoring":true,"sys_adm_modules":true,"sys_search_news":true,"sys_search_comments":true,"sys_news_like":true,"sys_adm_m_g_main":true,"sys_adm_m_g_news":true,"sys_adm_m_g_users":true,"sys_adm_m_g_menu":true,"sys_adm_m_g_settings":true,"sys_adm_m_i_news":true,"sys_adm_m_i_news_cats":true,"sys_adm_m_i_comments":true,"sys_adm_m_i_news_views":true,"sys_adm_m_i_news_votes":true,"sys_adm_m_i_users":true,"sys_adm_m_i_groups":true,"sys_adm_m_i_permissions":true,"sys_adm_m_i_menu":true,"sys_adm_m_i_menu_adm":true,"sys_adm_m_i_menu_groups_adm":true,"sys_adm_m_i_icons":true,"sys_adm_m_i_statics":true,"sys_adm_m_i_settings":true,"sys_adm_m_i_monitor":true,"sys_adm_m_i_info":true,"sys_adm_m_i_modules":true,"sys_adm_m_i_logs":true,"sys_adm_manager":true,"sys_adm_logs":true,"sys_adm_permissions_add":true,"sys_adm_permissions_edit":true,"sys_adm_permissions_delete":true,"sys_adm_comments_add":true,"sys_adm_comments_edit":true,"sys_adm_comments_delete":true,"sys_adm_groups_add":true,"sys_adm_groups_edit":true,"sys_adm_groups_delete":true,"sys_adm_menu_add":true,"sys_adm_menu_edit":true,"sys_adm_menu_delete":true,"sys_adm_menu_adm_add":true,"sys_adm_menu_adm_edit":true,"sys_adm_menu_adm_delete":true,"sys_adm_menu_groups_add":true,"sys_adm_menu_groups_edit":true,"sys_adm_menu_groups_delete":true,"sys_adm_menu_icons_add":true,"sys_adm_menu_icons_edit":true,"sys_adm_menu_icons_delete":true,"sys_adm_monitoring_add":true,"sys_adm_monitoring_edit":true,"sys_adm_monitoring_delete":true,"sys_adm_news_add":true,"sys_adm_news_edit":true,"sys_adm_news_delete":true,"sys_adm_news_cats_add":true,"sys_adm_news_cats_edit":true,"sys_adm_news_cats_delete":true,"sys_adm_statics_add":true,"sys_adm_statics_edit":true,"sys_adm_statics_delete":true,"sys_adm_users_add":true,"sys_adm_users_edit":true,"sys_adm_users_delete":true,"sys_adm_users_ban":true,"sys_adm_modules_edit":true,"sys_adm_news_views_delete":true,"sys_adm_news_votes_delete":true,"sys_adm_blocks":true,"sys_adm_m_i_blocks":true,"sys_adm_m_i_l10n":true,"sys_adm_blocks_edit":true,"block_online":true,"block_banner":true}');
#line
CREATE TABLE IF NOT EXISTS `~ic~` (
  `~ic_id~` int(10) NOT NULL AUTO_INCREMENT,
  `~ic_login~` varchar(32) CHARACTER SET latin1 NOT NULL DEFAULT '',
  `~ic_money~` decimal(10,2) NOT NULL DEFAULT '0.00',
  `~ic_rc~` decimal(10,2) NOT NULL DEFAULT '0.00',
  `~ic_bank~` decimal(10,2) NOT NULL DEFAULT '0.00',
  PRIMARY KEY (`~ic_id~`),
  KEY `~ic_login~` (`~ic_login~`)
) ENGINE=InnoDB DEFAULT CHARSET=utf8 AUTO_INCREMENT=1 ;
#line
CREATE TABLE IF NOT EXISTS `~logs~` (
  `~logs_id~` int(10) NOT NULL AUTO_INCREMENT,
  `~logs_uid~` int(10) NOT NULL DEFAULT '0',
  `~logs_msg~` varchar(255) NOT NULL DEFAULT '',
  `~logs_date~` datetime NOT NULL,
  PRIMARY KEY (`~logs_id~`)
) ENGINE=InnoDB DEFAULT CHARSET=utf8 AUTO_INCREMENT=1 ;
#line
CREATE TABLE IF NOT EXISTS `mcr_menu` (
  `id` int(10) NOT NULL AUTO_INCREMENT,
  `title` text NOT NULL,
  `parent` int(10) NOT NULL DEFAULT '1',
  `url` varchar(255) NOT NULL DEFAULT '',
  `target` varchar(10) CHARACTER SET latin1 NOT NULL DEFAULT '_self',
  `permissions` varchar(255) NOT NULL DEFAULT '',
  `style` varchar(255) NOT NULL DEFAULT '',
  PRIMARY KEY (`id`)
) ENGINE=InnoDB  DEFAULT CHARSET=utf8 AUTO_INCREMENT=3 ;
#line
CREATE TABLE IF NOT EXISTS `mcr_online` (
  `id` int(10) NOT NULL AUTO_INCREMENT,
  `ip` varchar(16) NOT NULL DEFAULT '127.0.0.1',
  `online` tinyint(1) NOT NULL DEFAULT '0',
  `date_create` int(10) NOT NULL DEFAULT '0',
  `date_update` int(10) NOT NULL DEFAULT '0',
  PRIMARY KEY (`id`)
) ENGINE=InnoDB  DEFAULT CHARSET=utf8 AUTO_INCREMENT=1 ;
#line
INSERT INTO `mcr_menu` (`id`, `title`, `parent`, `url`, `target`, `permissions`) VALUES
(1, 'Главная', 0, '~base_url~', '_self', 'sys_share'),
(2, 'ПУ', 0, '~base_url~?mode=admin', '_self', 'sys_adm_main');
#line
CREATE TABLE IF NOT EXISTS `mcr_menu_adm` (
  `id` int(10) NOT NULL AUTO_INCREMENT,
  `gid` int(10) NOT NULL DEFAULT '1',
  `title` varchar(24) NOT NULL DEFAULT '0',
  `text` varchar(255) NOT NULL DEFAULT '',
  `url` varchar(255) NOT NULL DEFAULT '',
  `target` varchar(10) CHARACTER SET latin1 NOT NULL DEFAULT '_self',
  `access` text CHARACTER SET latin1 NOT NULL,
  `priority` int(6) NOT NULL DEFAULT '1',
  `icon` int(10) NOT NULL DEFAULT '1',
  PRIMARY KEY (`id`),
  KEY `gid` (`gid`)
) ENGINE=InnoDB  DEFAULT CHARSET=utf8 AUTO_INCREMENT=22 ;
#line
INSERT INTO `mcr_menu_adm` (`id`, `gid`, `title`, `text`, `url`, `target`, `access`, `priority`, `icon`) VALUES
(1, 1, 'Информация', 'Информация и статистика движка', '~base_url~?mode=admin&do=info', '_self', 'sys_adm_m_i_info', 1, 8),
(2, 2, 'Новости', 'Управление списком новостей', '~base_url~?mode=admin&do=news', '_self', 'sys_adm_m_i_news', 1, 2),
(3, 2, 'Категории', 'Управление категориями новостей', '~base_url~?mode=admin&do=news_cats', '_self', 'sys_adm_m_i_news_cats', 2, 10),
(4, 2, 'Комментарии', 'Управление комментариями новостей', '~base_url~?mode=admin&do=comments', '_self', 'sys_adm_m_i_comments', 3, 13),
(5, 2, 'Просмотры', 'Управление просмотрами новостей', '~base_url~?mode=admin&do=news_views', '_self', 'sys_adm_m_i_news_views', 4, 14),
(6, 2, 'Голоса', 'Управление голосами новостей', '~base_url~?mode=admin&do=news_votes', '_self', 'sys_adm_m_i_news_votes', 5, 9),
(7, 3, 'Пользователи', 'Изменение пользователей', '~base_url~?mode=admin&do=users', '_self', 'sys_adm_m_i_users', 1, 5),
(8, 3, 'Группы', 'Управление группами пользователей и их привилегиями', '~base_url~?mode=admin&do=groups', '_self', 'sys_adm_m_i_groups', 2, 15),
(9, 3, 'Привилегии', 'Управление доступными привилегиями', '~base_url~?mode=admin&do=permissions', '_self', 'sys_adm_m_i_permissions', 3, 17),
(10, 4, 'Меню сайта', 'Управление пунктами основного меню', '~base_url~?mode=admin&do=menu', '_self', 'sys_adm_m_i_menu', 1, 7),
(11, 4, 'Меню ПУ', 'Управление пунктами меню панели управления', '~base_url~?mode=admin&do=menu_adm', '_self', 'sys_adm_m_i_menu_adm', 2, 24),
(12, 4, 'Группы меню ПУ', 'Управление группами меню панели управления', '~base_url~?mode=admin&do=menu_groups', '_self', 'sys_adm_m_i_menu_groups_adm', 3, 11),
(13, 4, 'Иконки', 'Управление иконками пунктов меню панели управления', '~base_url~?mode=admin&do=menu_icons', '_self', 'sys_adm_m_i_icons', 4, 19),
(14, 1, 'Статические страницы', 'Управление статическими страницами ', '~base_url~?mode=admin&do=statics', '_self', 'sys_adm_m_i_statics', 2, 20),
(15, 5, 'Настройки сайта', 'Основные настройки сайта', '~base_url~?mode=admin&do=settings', '_self', 'sys_adm_m_i_settings', 1, 6),
(16, 1, 'Мониторинг серверов', 'Управление серверами мониторинга', '~base_url~?mode=admin&do=monitoring', '_self', 'sys_adm_m_i_monitor', 3, 21),
(17, 1, 'Модули', 'Управление модулями', '~base_url~?mode=admin&do=modules', '_self', 'sys_adm_m_i_modules', 4, 22),
(18, 1, 'Лог действий', 'Журнал действий пользователей', '~base_url~?mode=admin&do=logs', '_self', 'sys_adm_m_i_logs', 5, 23),
(19, 1, 'Блоки', 'Управление Блоками', '~base_url~?mode=admin&do=blocks', '_self', 'sys_adm_m_i_blocks', 6, 18),
(20, 1, 'Локализация::Фразы', 'Управление Фразами', '~base_url~?mode=admin&do=l10n_phrases', '_self', 'sys_adm_m_i_l10n', 6, 18),
(21, 1, 'Локализация::Языки', 'Управление Языками', '~base_url~?mode=admin&do=l10n_languages', '_self', 'sys_adm_m_i_l10n', 6, 18);
#line
CREATE TABLE IF NOT EXISTS `mcr_menu_adm_groups` (
  `id` int(10) NOT NULL AUTO_INCREMENT,
  `title` varchar(32) NOT NULL DEFAULT '',
  `text` varchar(255) CHARACTER SET utf8 COLLATE utf8_estonian_ci NOT NULL DEFAULT '',
  `access` varchar(64) CHARACTER SET latin1 NOT NULL DEFAULT '',
  `priority` int(10) NOT NULL DEFAULT '1',
  PRIMARY KEY (`id`)
) ENGINE=InnoDB  DEFAULT CHARSET=utf8 AUTO_INCREMENT=6 ;
#line
INSERT INTO `mcr_menu_adm_groups` (`id`, `title`, `text`, `access`, `priority`) VALUES
(1, 'Разное', 'Описание раздела разное', 'sys_adm_m_g_main', 1),
(2, 'Управление новостями', 'Всё, что связано с модулем новостей', 'sys_adm_m_g_news', 2),
(3, 'Управление пользователями', 'Управление пользователями', 'sys_adm_m_g_users', 3),
(4, 'Управление меню', 'Управление группами и пунктами меню сайта и панели управления', 'sys_adm_m_g_menu', 4),
(5, 'Настройки', 'Настройки сайта и движка', 'sys_adm_m_g_settings', 6);
#line
CREATE TABLE IF NOT EXISTS `mcr_menu_adm_icons` (
  `id` int(10) NOT NULL AUTO_INCREMENT,
  `title` varchar(32) NOT NULL DEFAULT '',
  `img` varchar(255) NOT NULL DEFAULT '',
  PRIMARY KEY (`id`)
) ENGINE=InnoDB  DEFAULT CHARSET=utf8 AUTO_INCREMENT=24 ;
#line
INSERT INTO `mcr_menu_adm_icons` (`id`, `title`, `img`) VALUES
(1, 'По умолчанию', 'default.png'),
(2, 'Новости', 'news.png'),
(3, 'Пазл', 'puzzle.png'),
(4, 'Пользователь', 'user.png'),
(5, 'Пользователи', 'users.png'),
(6, 'Молоток и гаечный ключ', 'settings.png'),
(7, 'Древо', 'tree.png'),
(8, 'Диаграмма', 'diagram.png'),
(9, 'Лайк', 'like.png'),
(10, 'Документы', 'documents.png'),
(11, 'Иерархия', 'hierarchy.png'),
(12, 'Шестеренка', 'wheel.png'),
(13, 'Комментарии', 'comments.png'),
(14, 'Глаз', 'eye.png'),
(15, 'Группа пользователей', 'groups.png'),
(16, 'График', 'chart.png'),
(17, 'Замок', 'lock.png'),
(18, 'Блоки', 'blocks.png'),
(19, 'Иконка', 'icon.png'),
(20, 'Два листа', 'pages.png'),
(21, 'Монитор', 'monitor.png'),
(22, 'Сеть', 'network.png'),
(23, 'Открытая книга', 'logs.png'),
(24, 'Пустое древо', 'gealogy.png');
#line
CREATE TABLE IF NOT EXISTS `mcr_monitoring` (
  `id` int(10) NOT NULL AUTO_INCREMENT,
  `title` varchar(32) NOT NULL DEFAULT '',
  `text` varchar(255) NOT NULL DEFAULT '',
  `ip` varchar(64) CHARACTER SET latin1 NOT NULL DEFAULT '127.0.0.1',
  `port` int(6) NOT NULL DEFAULT '25565',
  `status` tinyint(1) NOT NULL DEFAULT '0',
  `version` varchar(64) NOT NULL DEFAULT '',
  `online` int(10) NOT NULL DEFAULT '0',
  `slots` int(10) NOT NULL DEFAULT '0',
  `players` text NOT NULL,
  `motd` text NOT NULL,
  `plugins` text NOT NULL,
  `map` varchar(64) NOT NULL DEFAULT '',
  `last_error` text NOT NULL,
  `last_update` int(10) NOT NULL DEFAULT '0',
  `updater` int(10) NOT NULL DEFAULT '60',
  `type` varchar(32) CHARACTER SET latin1 NOT NULL DEFAULT 'MineToolsAPIPing',
  PRIMARY KEY (`id`)
) ENGINE=InnoDB DEFAULT CHARSET=utf8 AUTO_INCREMENT=1 ;
#line
CREATE TABLE IF NOT EXISTS `mcr_news` (
  `id` int(10) NOT NULL AUTO_INCREMENT,
  `cid` int(10) NOT NULL DEFAULT '1' COMMENT 'ID категории',
  `title` varchar(32) NOT NULL DEFAULT '' COMMENT 'Название новости',
  `text_html` text NOT NULL COMMENT 'Текст полного описание(обработанный)',
  `vote` tinyint(1) NOT NULL DEFAULT '1' COMMENT 'Активатор лайков',
  `discus` tinyint(1) NOT NULL DEFAULT '1' COMMENT 'Активатор комметариев',
  `attach` tinyint(1) NOT NULL DEFAULT '0' COMMENT 'Активатор закрепления',
  `hidden` tinyint(1) NOT NULL DEFAULT '0',
  `uid` int(10) NOT NULL DEFAULT '0' COMMENT 'ID добавившего пользователя',
  `date` datetime NOT NULL,
  `img` varchar(255) DEFAULT NULL,
  `data` text DEFAULT NULL COMMENT 'Сведения о новости',
  PRIMARY KEY (`id`),
  KEY `cid` (`cid`),
  KEY `uid` (`uid`),
  KEY `cid_2` (`cid`),
  KEY `uid_2` (`uid`)
) ENGINE=InnoDB DEFAULT CHARSET=utf8 AUTO_INCREMENT=1 ;
#line
CREATE TABLE IF NOT EXISTS `mcr_news_cats` (
  `id` int(10) NOT NULL AUTO_INCREMENT,
  `title` varchar(32) NOT NULL DEFAULT '',
  `description` varchar(255) NOT NULL DEFAULT '',
  `data` text NOT NULL,
  `hidden` tinyint(1) NOT NULL DEFAULT '0',
  PRIMARY KEY (`id`)
) ENGINE=InnoDB  DEFAULT CHARSET=utf8 AUTO_INCREMENT=2 ;
#line
INSERT INTO `mcr_news_cats` (`id`, `title`, `description`, `data`) VALUES
(1, 'Без категории', 'Без категории', '{"time_create":1005553535,"time_last":1005553535,"user":"admin"}');
#line
CREATE TABLE IF NOT EXISTS `mcr_news_views` (
  `id` int(10) NOT NULL AUTO_INCREMENT,
  `nid` int(10) NOT NULL DEFAULT '0',
  `uid` int(10) NOT NULL DEFAULT '-1',
  `ip` varchar(64) CHARACTER SET latin1 NOT NULL DEFAULT '127.0.0.1',
  `time` datetime NOT NULL,
  PRIMARY KEY (`id`),
  KEY `nid` (`nid`),
  KEY `uid` (`uid`),
  KEY `nid_2` (`nid`),
  KEY `uid_2` (`uid`)
) ENGINE=InnoDB DEFAULT CHARSET=utf8 AUTO_INCREMENT=1 ;
#line
CREATE TABLE IF NOT EXISTS `mcr_news_votes` (
  `id` int(10) NOT NULL AUTO_INCREMENT,
  `nid` int(10) NOT NULL DEFAULT '0',
  `uid` int(10) NOT NULL DEFAULT '-1',
  `value` tinyint(1) NOT NULL DEFAULT '1',
  `ip` varchar(64) CHARACTER SET latin1 NOT NULL DEFAULT '127.0.0.1',
  `time` datetime NOT NULL,
  PRIMARY KEY (`id`),
  KEY `nid` (`nid`),
  KEY `uid` (`uid`),
  KEY `nid_2` (`nid`),
  KEY `uid_2` (`uid`)
) ENGINE=InnoDB DEFAULT CHARSET=utf8 AUTO_INCREMENT=1 ;
#line
CREATE TABLE IF NOT EXISTS `mcr_permissions` (
  `id` int(10) NOT NULL AUTO_INCREMENT,
  `title` varchar(64) NOT NULL DEFAULT '',
  `description` varchar(255) NOT NULL DEFAULT '',
  `value` varchar(32) CHARACTER SET latin1 NOT NULL DEFAULT '',
  `system` tinyint(1) NOT NULL DEFAULT '0',
  `type` varchar(32) CHARACTER SET latin1 NOT NULL DEFAULT 'boolean',
  `default` varchar(32) NOT NULL DEFAULT 'false',
  `data` text NOT NULL,
  PRIMARY KEY (`id`),
  UNIQUE KEY `value` (`value`)
) ENGINE=InnoDB  DEFAULT CHARSET=utf8 AUTO_INCREMENT=110 ;
#line
INSERT INTO `mcr_permissions` (`id`, `title`, `description`, `value`, `system`, `type`, `default`, `data`) VALUES
(1, 'Доступ к отладке', 'Дает доступ к системной информации для устранения и выявления неисправностей', 'sys_debug', 1, 'boolean', 'false', '{"time_create":1005553535,"time_last":1005553535,"login_create":"admin","login_last":"admin"}'),
(2, 'Максимальный размер файла', 'Максимально допустимый размер загружаемого файла(КБ)', 'sys_max_file_size', 1, 'float', '1024', '{"time_create":1005553535,"time_last":1005553535,"login_create":"admin","login_last":"admin"}'),
(3, 'Максимальное соотношение', 'Максимальное соотношение скинов и плащей. Подробнее в документации.', 'sys_max_ratio', 1, 'integer', '0', '{"time_create":1005553535,"time_last":1005553535,"login_create":"admin","login_last":"admin"}'),
(4, 'Доступ к мониторингу', 'Доступ к просмотру блока мониторинга серверов', 'sys_monitoring', 1, 'boolean', 'true', '{"time_create":1005553535,"time_last":1005553535,"login_create":"admin","login_last":"admin"}'),
(5, 'Общий доступ', 'Доступ к общедоступным элементам', 'sys_share', 1, 'boolean', 'true', '{"time_create":1005553535,"time_last":1005553535,"login_create":"admin","login_last":"admin"}'),
(6, 'Основной доступ к поиску', 'Если запрещено, то доступ к подмодулям будет так же недоступен, независимо от их настроек.', 'sys_search', 1, 'boolean', 'true', '{"time_create":1005553535,"time_last":1005553535,"login_create":"admin","login_last":"admin"}'),
(7, 'Восстановление пароля', 'Доступ к восстановлению пароля', 'sys_restore', 1, 'boolean', 'true', '{"time_create":1005553535,"time_last":1005553535,"login_create":"admin","login_last":"admin"}'),
(8, 'Доступ к регистрации', 'Позволяет выбранным группам пользователей регистрироваться на сайте', 'sys_register', 1, 'boolean', 'true', '{"time_create":1005553535,"time_last":1005553535,"login_create":"admin","login_last":"admin"}'),
(9, 'Доступ к своему профилю', 'Просмотр собственного профиля и информации о себе', 'sys_profile', 1, 'boolean', 'true', '{"time_create":1005553535,"time_last":1005553535,"login_create":"admin","login_last":"admin"}'),
(10, 'Удаление скина персонажа', 'Доступ к удалению скина персонажа', 'sys_profile_del_skin', 1, 'boolean', 'false', '{"time_create":1005553535,"time_last":1005553535,"login_create":"admin","login_last":"admin"}'),
(11, 'Удаление плаща персонажа', 'Доступ к удалению плаща персонажа', 'sys_profile_del_cloak', 1, 'boolean', 'false', '{"time_create":1005553535,"time_last":1005553535,"login_create":"admin","login_last":"admin"}'),
(12, 'Изменение скина персонажа', 'Доступ к изменению скина персонажа', 'sys_profile_skin', 1, 'boolean', 'false', '{"time_create":1005553535,"time_last":1005553535,"login_create":"admin","login_last":"admin"}'),
(13, 'Изменение плаща персонажа', 'Доступ к изменению плаща персонажа', 'sys_profile_cloak', 1, 'boolean', 'false', '{"time_create":1005553535,"time_last":1005553535,"login_create":"admin","login_last":"admin"}'),
(14, 'Настройки пользователя', 'Доступ к настройкам пользователя', 'sys_profile_settings', 1, 'boolean', 'false', '{"time_create":1005553535,"time_last":1005553535,"login_create":"admin","login_last":"admin"}'),
(15, 'Просмотр списка новостей', 'Доступ к просмотрю списка всех новостей', 'sys_news_list', 1, 'boolean', 'true', '{"time_create":1005553535,"time_last":1005553535,"login_create":"admin","login_last":"admin"}'),
(16, 'Просмотр полных новостей', 'Доступ к просмотру полных новостей', 'sys_news_full', 1, 'boolean', 'true', '{"time_create":1005553535,"time_last":1005553535,"login_create":"admin","login_last":"admin"}'),
(17, 'Просмотр комментариев', 'Доступ к просмотру комментариев', 'sys_comment_list', 1, 'boolean', 'false', '{"time_create":1005553535,"time_last":1005553535,"login_create":"admin","login_last":"admin"}'),
(18, 'Добавление комментариев', 'Доступ к добавлению комментариев', 'sys_comment_add', 1, 'boolean', 'false', '{"time_create":1005553535,"time_last":1005553535,"login_create":"admin","login_last":"admin"}'),
(19, 'Редактирование своих комментариев', 'Доступ к редактированию собственных комментариев', 'sys_comment_edt', 1, 'boolean', 'false', '{"time_create":1005553535,"time_last":1005553535,"login_create":"admin","login_last":"admin"}'),
(20, 'Редактирование всех комментариев', 'Доступ к редактированию комментариев всех пользователей, включая свои независимо от доступа к редактированию своих комментариев', 'sys_comment_edt_all', 1, 'boolean', 'false', '{"time_create":1005553535,"time_last":1005553535,"login_create":"admin","login_last":"admin"}'),
(21, 'Удаление своих комментариев', 'Доступ к удалению собственных комментариев', 'sys_comment_del', 1, 'boolean', 'false', '{"time_create":1005553535,"time_last":1005553535,"login_create":"admin","login_last":"admin"}'),
(22, 'Удаление всех комментариев', 'Доступ к удалению комментариев всех пользователей, включая свои независимо от доступа к удалению своих комментариев', 'sys_comment_del_all', 1, 'boolean', 'false', '{"time_create":1005553535,"time_last":1005553535,"login_create":"admin","login_last":"admin"}'),
(23, 'Авторизация', 'Доступ к авторизации пользователей', 'sys_auth', 1, 'boolean', 'false', '{"time_create":1005553535,"time_last":1005553535,"login_create":"admin","login_last":"admin"}'),
(24, 'Доступ к ПУ', 'Основной доступ к панели управления. Если запрещено, то доступ ко всем элементам ПУ будет закрыт.', 'sys_adm_main', 1, 'boolean', 'false', '{"time_create":1005553535,"time_last":1005553535,"login_create":"admin","login_last":"admin"}'),
(25, 'Доступ к модулю локализации', 'Основной доступ к модулю локализации. Если запрещено, то доступ к нему будет закрыт.', 'sys_adm_l10n', 1, 'boolean', 'false', '{"time_create":1005553535,"time_last":1005553535,"login_create":"admin","login_last":"admin"}'),
(26, 'Управление новостями', 'Управление новостями: добавление, удаление, редактирование', 'sys_adm_news', 1, 'boolean', 'false', '{"time_create":1005553535,"time_last":1005553535,"login_create":"admin","login_last":"admin"}'),
(27, 'Управление категориями', 'Управление категориями новостей: добавление, удаление, редактирование', 'sys_adm_news_cats', 1, 'boolean', 'false', '{"time_create":1005553535,"time_last":1005553535,"login_create":"admin","login_last":"admin"}'),
(28, 'Управление просмотрами новостей', 'Управление просмотрами новостей: удаление', 'sys_adm_news_views', 1, 'boolean', 'false', '{"time_create":1005553535,"time_last":1005553535,"login_create":"admin","login_last":"admin"}'),
(29, 'Управление просмотрами новостей', 'Управление просмотрами новостей: удаление', 'sys_adm_news_votes', 1, 'boolean', 'false', '{"time_create":1005553535,"time_last":1005553535,"login_create":"admin","login_last":"admin"}'),
(30, 'Управление комментариями', 'Управление комментариями: добавление, удаление, редактирование', 'sys_adm_comments', 1, 'boolean', 'false', '{"time_create":1005553535,"time_last":1005553535,"login_create":"admin","login_last":"admin"}'),
(31, 'Управление меню сайта', 'Управление меню сайта: добавление, редактирование, удаление', 'sys_adm_menu', 1, 'boolean', 'false', '{"time_create":1005553535,"time_last":1005553535,"login_create":"admin","login_last":"admin"}'),
(32, 'Управление меню ПУ', 'Управление меню ПУ: добавление, редактирование, удаление', 'sys_adm_menu_adm', 1, 'boolean', 'false', '{"time_create":1005553535,"time_last":1005553535,"login_create":"admin","login_last":"admin"}'),
(33, 'Управление группами меню ПУ', 'Управление группами меню ПУ: добавление, редактирование, удаление', 'sys_adm_menu_groups', 1, 'boolean', 'false', '{"time_create":1005553535,"time_last":1005553535,"login_create":"admin","login_last":"admin"}'),
(34, 'Управление иконками меню ПУ', 'Управление иконками меню ПУ: добавление, редактирование, удаление', 'sys_adm_menu_icons', 1, 'boolean', 'false', '{"time_create":1005553535,"time_last":1005553535,"login_create":"admin","login_last":"admin"}'),
(35, 'Управление пользователями', 'Управление пользователями: добавление, редактирование, удаление, бан, разбан', 'sys_adm_users', 1, 'boolean', 'false', '{"time_create":1005553535,"time_last":1005553535,"login_create":"admin","login_last":"admin"}'),
(36, 'Управление группами пользователей', 'Управление группами пользователей: добавление, редактирование, удаление', 'sys_adm_groups', 1, 'boolean', 'false', '{"time_create":1005553535,"time_last":1005553535,"login_create":"admin","login_last":"admin"}'),
(37, 'Управление привилегиями', 'Управление привилегиями: добавление, редактирование, удаление', 'sys_adm_permissions', 1, 'boolean', 'false', '{"time_create":1005553535,"time_last":1005553535,"login_create":"admin","login_last":"admin"}'),
(38, 'Управление статическими страницами', 'Управление статическими страницами: добавление, редактирование, удаление', 'sys_adm_statics', 1, 'boolean', 'false', '{"time_create":1005553535,"time_last":1005553535,"login_create":"admin","login_last":"admin"}'),
(39, 'Информация о движке', 'Доступ к информации и статистике движка', 'sys_adm_info', 1, 'boolean', 'false', '{"time_create":1005553535,"time_last":1005553535,"login_create":"admin","login_last":"admin"}'),
(40, 'Настройки сайта', 'Доступ к настройкам сайта', 'sys_adm_settings', 1, 'boolean', 'false', '{"time_create":1005553535,"time_last":1005553535,"login_create":"admin","login_last":"admin"}'),
(41, 'Управление мониторингом', 'Управление мониторингом: добавление, редактирование, удаление', 'sys_adm_monitoring', 1, 'boolean', 'false', '{"time_create":1005553535,"time_last":1005553535,"login_create":"admin","login_last":"admin"}'),
(42, 'Управление модулями', 'Доступ к управлению модулями', 'sys_adm_modules', 1, 'boolean', 'false', '{"time_create":1005553535,"time_last":1005553535,"login_create":"admin","login_last":"admin"}'),
(43, 'Поиск по новостям', 'Доступ к поиску по новостям', 'sys_search_news', 1, 'boolean', 'false', '{"time_create":1005553535,"time_last":1005553535,"login_create":"admin","login_last":"admin"}'),
(44, 'Поиск по комментариям', 'Доступ к поиску по комментариям', 'sys_search_comments', 1, 'boolean', 'false', '{"time_create":1005553535,"time_last":1005553535,"login_create":"admin","login_last":"admin"}'),
(45, 'Голосование за новость', 'Доступ к голосованию за новость (Лайки/Дизлайки)', 'sys_news_like', 1, 'boolean', 'false', '{"time_create":1005553535,"time_last":1005553535,"login_create":"admin","login_last":"admin"}'),
(46, 'Группа меню "Разное"', 'Доступ к группе меню "Разное" в панели управления. Входящие в нее пункты будут так же недоступны.', 'sys_adm_m_g_main', 1, 'boolean', 'false', '{"time_create":1005553535,"time_last":1005553535,"login_create":"admin","login_last":"admin"}'),
(47, 'Группа меню "Управление новостями"', 'Доступ к группе меню "Управление новостями" в панели управления. Входящие в нее пункты будут так же недоступны.', 'sys_adm_m_g_news', 1, 'boolean', 'false', '{"time_create":1005553535,"time_last":1005553535,"login_create":"admin","login_last":"admin"}'),
(48, 'Группа меню "Управление пользователями"', 'Доступ к группе меню "Управление пользователями" в панели управления. Входящие в нее пункты будут так же недоступны.', 'sys_adm_m_g_users', 1, 'boolean', 'false', '{"time_create":1005553535,"time_last":1005553535,"login_create":"admin","login_last":"admin"}'),
(49, 'Группа меню "Управление меню"', 'Доступ к группе меню "Управление меню" в панели управления. Входящие в нее пункты будут так же недоступны.', 'sys_adm_m_g_menu', 1, 'boolean', 'false', '{"time_create":1005553535,"time_last":1005553535,"login_create":"admin","login_last":"admin"}'),
(50, 'Группа меню "Настройки"', 'Доступ к группе меню "Настройки" в панели управления. Входящие в нее пункты будут так же недоступны.', 'sys_adm_m_g_settings', 1, 'boolean', 'false', '{"time_create":1005553535,"time_last":1005553535,"login_create":"admin","login_last":"admin"}'),
(51, 'Пункт меню "Новости"', 'Доступ к пункту меню "Новости" в панели управления.', 'sys_adm_m_i_news', 1, 'boolean', 'false', '{"time_create":1005553535,"time_last":1005553535,"login_create":"admin","login_last":"admin"}'),
(52, 'Пункт меню "Категории"', 'Доступ к пункту меню "Категории" в панели управления.', 'sys_adm_m_i_news_cats', 1, 'boolean', 'false', '{"time_create":1005553535,"time_last":1005553535,"login_create":"admin","login_last":"admin"}'),
(53, 'Пункт меню "Комментарии"', 'Доступ к пункту меню "Комментарии" в панели управления.', 'sys_adm_m_i_comments', 1, 'boolean', 'false', '{"time_create":1005553535,"time_last":1005553535,"login_create":"admin","login_last":"admin"}'),
(54, 'Пункт меню "Просмотры"', 'Доступ к пункту меню "Просмотры" в панели управления.', 'sys_adm_m_i_news_views', 1, 'boolean', 'false', '{"time_create":1005553535,"time_last":1005553535,"login_create":"admin","login_last":"admin"}'),
(55, 'Пункт меню "Голоса"', 'Доступ к пункту меню "Голоса" в панели управления.', 'sys_adm_m_i_news_votes', 1, 'boolean', 'false', '{"time_create":1005553535,"time_last":1005553535,"login_create":"admin","login_last":"admin"}'),
(56, 'Пункт меню "Пользователи"', 'Доступ к пункту меню "Пользователи" в панели управления.', 'sys_adm_m_i_users', 1, 'boolean', 'false', '{"time_create":1005553535,"time_last":1005553535,"login_create":"admin","login_last":"admin"}'),
(57, 'Пункт меню "Группы"', 'Доступ к пункту меню "Группы" в панели управления.', 'sys_adm_m_i_groups', 1, 'boolean', 'false', '{"time_create":1005553535,"time_last":1005553535,"login_create":"admin","login_last":"admin"}'),
(58, 'Пункт меню "Привилегии"', 'Доступ к пункту меню "Привилегии" в панели управления.', 'sys_adm_m_i_permissions', 1, 'boolean', 'false', '{"time_create":1005553535,"time_last":1005553535,"login_create":"admin","login_last":"admin"}'),
(59, 'Пункт меню "Меню сайта"', 'Доступ к пункту меню "Меню сайта" в панели управления.', 'sys_adm_m_i_menu', 1, 'boolean', 'false', '{"time_create":1005553535,"time_last":1005553535,"login_create":"admin","login_last":"admin"}'),
(60, 'Пункт меню "Меню ПУ"', 'Доступ к пункту меню "Меню ПУ" в панели управления.', 'sys_adm_m_i_menu_adm', 1, 'boolean', 'false', '{"time_create":1005553535,"time_last":1005553535,"login_create":"admin","login_last":"admin"}'),
(61, 'Пункт меню "Группы меню ПУ"', 'Доступ к пункту меню "Группы меню ПУ" в панели управления.', 'sys_adm_m_i_menu_groups_adm', 1, 'boolean', 'false', '{"time_create":1005553535,"time_last":1005553535,"login_create":"admin","login_last":"admin"}'),
(62, 'Пункт меню "Иконки"', 'Доступ к пункту меню "Иконки" в панели управления.', 'sys_adm_m_i_icons', 1, 'boolean', 'false', '{"time_create":1005553535,"time_last":1005553535,"login_create":"admin","login_last":"admin"}'),
(63, 'Пункт меню "Статические страницы"', 'Доступ к пункту меню "Статические страницы" в панели управления.', 'sys_adm_m_i_statics', 1, 'boolean', 'false', '{"time_create":1005553535,"time_last":1005553535,"login_create":"admin","login_last":"admin"}'),
(64, 'Пункт меню "Настройки сайта"', 'Доступ к пункту меню "Настройки сайта" в панели управления.', 'sys_adm_m_i_settings', 1, 'boolean', 'false', '{"time_create":1005553535,"time_last":1005553535,"login_create":"admin","login_last":"admin"}'),
(65, 'Пункт меню "Мониторинг"', 'Доступ к пункту меню "Мониторинг" в панели управления.', 'sys_adm_m_i_monitor', 1, 'boolean', 'false', '{"time_create":1005553535,"time_last":1005553535,"login_create":"admin","login_last":"admin"}'),
(66, 'Пункт меню "Информация"', 'Доступ к пункту меню "Информация" в панели управления.', 'sys_adm_m_i_info', 1, 'boolean', 'false', '{"time_create":1005553535,"time_last":1005553535,"login_create":"admin","login_last":"admin"}'),
(67, 'Пункт меню "Модули"', 'Доступ к пункту меню "Модули" в панели управления.', 'sys_adm_m_i_modules', 1, 'boolean', 'false', '{"time_create":1005553535,"time_last":1005553535,"login_create":"admin","login_last":"admin"}'),
(68, 'Пункт меню "Логи"', 'Доступ к пункту меню "Логи" в панели управления.', 'sys_adm_m_i_logs', 1, 'boolean', 'false', '{"time_create":1005553535,"time_last":1005553535,"login_create":"admin","login_last":"admin"}'),
(69, 'Файловый загрузчик', 'Доступ к файловому загрузчику', 'sys_adm_manager', 1, 'boolean', 'false', '{"time_create":1005553535,"time_last":1005553535,"login_create":"admin","login_last":"admin"}'),
(70, 'Управление логами', 'Доступ к логам пользователей', 'sys_adm_logs', 1, 'boolean', 'false', '{"time_create":1005553535,"time_last":1005553535,"login_create":"admin","login_last":"admin"}'),
(71, 'Добавление привилегий', 'Доступ к добавлению привилегий', 'sys_adm_permissions_add', 1, 'boolean', 'false', '{"time_create":1005553535,"time_last":1005553535,"login_create":"admin","login_last":"admin"}'),
(72, 'Редактирование привилегий', 'Доступ к редактированию привилегий', 'sys_adm_permissions_edit', 1, 'boolean', 'false', '{"time_create":1005553535,"time_last":1005553535,"login_create":"admin","login_last":"admin"}'),
(73, 'Удаление привилегий', 'Доступ к удалению привилегий', 'sys_adm_permissions_delete', 1, 'boolean', 'false', '{"time_create":1005553535,"time_last":1005553535,"login_create":"admin","login_last":"admin"}'),
(74, 'Добавление комментариев в ПУ', 'Доступ к добавлению комментариев в ПУ', 'sys_adm_comments_add', 1, 'boolean', 'false', '{"time_create":1005553535,"time_last":1005553535,"login_create":"admin","login_last":"admin"}'),
(75, 'Редактирование комментариев в ПУ', 'Доступ к редактирование комментариев в ПУ', 'sys_adm_comments_edit', 1, 'boolean', 'false', '{"time_create":1005553535,"time_last":1005553535,"login_create":"admin","login_last":"admin"}'),
(76, 'Удаление комментариев в ПУ', 'Доступ к удалению комментариев в ПУ', 'sys_adm_comments_delete', 1, 'boolean', 'false', '{"time_create":1005553535,"time_last":1005553535,"login_create":"admin","login_last":"admin"}'),
(77, 'Добавление групп пользователей', 'Доступ к добавлению групп пользователей', 'sys_adm_groups_add', 1, 'boolean', 'false', '{"time_create":1005553535,"time_last":1005553535,"login_create":"admin","login_last":"admin"}'),
(78, 'Редактирование групп пользователей', 'Доступ к редактированию групп пользователей', 'sys_adm_groups_edit', 1, 'boolean', 'false', '{"time_create":1005553535,"time_last":1005553535,"login_create":"admin","login_last":"admin"}'),
(79, 'Удаление групп пользователей', 'Доступ к удалению групп пользователей', 'sys_adm_groups_delete', 1, 'boolean', 'false', '{"time_create":1005553535,"time_last":1005553535,"login_create":"admin","login_last":"admin"}'),
(80, 'Добавление пунктов меню', 'Доступ к добавлению пунктов меню', 'sys_adm_menu_add', 1, 'boolean', 'false', '{"time_create":1005553535,"time_last":1005553535,"login_create":"admin","login_last":"admin"}'),
(81, 'Редактирование пунктов меню', 'Доступ к редактированию пунктов меню', 'sys_adm_menu_edit', 1, 'boolean', 'false', '{"time_create":1005553535,"time_last":1005553535,"login_create":"admin","login_last":"admin"}'),
(82, 'Удаление пунктов меню', 'Доступ к удалению пунктов меню', 'sys_adm_menu_delete', 1, 'boolean', 'false', '{"time_create":1005553535,"time_last":1005553535,"login_create":"admin","login_last":"admin"}'),
(83, 'Добавление пунктов меню панели управления', 'Доступ к добавлению пунктов меню панели управления', 'sys_adm_menu_adm_add', 1, 'boolean', 'false', '{"time_create":1005553535,"time_last":1005553535,"login_create":"admin","login_last":"admin"}'),
(84, 'Редактирование пунктов меню панели управления', 'Доступ к редактированию пунктов меню панели управления', 'sys_adm_menu_adm_edit', 1, 'boolean', 'false', '{"time_create":1005553535,"time_last":1005553535,"login_create":"admin","login_last":"admin"}'),
(85, 'Удаление пунктов меню панели управления', 'Доступ к удалению пунктов меню панели управления', 'sys_adm_menu_adm_delete', 1, 'boolean', 'false', '{"time_create":1005553535,"time_last":1005553535,"login_create":"admin","login_last":"admin"}'),
(86, 'Добавление групп меню панели управления', 'Доступ к добавлению групп меню панели управления', 'sys_adm_menu_groups_add', 1, 'boolean', 'false', '{"time_create":1005553535,"time_last":1005553535,"login_create":"admin","login_last":"admin"}'),
(87, 'Редактирование групп меню панели управления', 'Доступ к редактированию групп меню панели управления', 'sys_adm_menu_groups_edit', 1, 'boolean', 'false', '{"time_create":1005553535,"time_last":1005553535,"login_create":"admin","login_last":"admin"}'),
(88, 'Удаление групп меню панели управления', 'Доступ к удаление групп меню панели управления', 'sys_adm_menu_groups_delete', 1, 'boolean', 'false', '{"time_create":1005553535,"time_last":1005553535,"login_create":"admin","login_last":"admin"}'),
(89, 'Добавление иконок', 'Доступ к добавлению иконок', 'sys_adm_menu_icons_add', 1, 'boolean', 'false', '{"time_create":1005553535,"time_last":1005553535,"login_create":"admin","login_last":"admin"}'),
(90, 'Редактирование иконок', 'Доступ к редактированию иконок', 'sys_adm_menu_icons_edit', 1, 'boolean', 'false', '{"time_create":1005553535,"time_last":1005553535,"login_create":"admin","login_last":"admin"}'),
(91, 'Удаление иконок', 'Доступ к удалению иконок', 'sys_adm_menu_icons_delete', 1, 'boolean', 'false', '{"time_create":1005553535,"time_last":1005553535,"login_create":"admin","login_last":"admin"}'),
(92, 'Добавление серверов в мониторинг', 'Доступ к добавлению серверов в мониторинге', 'sys_adm_monitoring_add', 1, 'boolean', 'false', '{"time_create":1005553535,"time_last":1005553535,"login_create":"admin","login_last":"admin"}'),
(93, 'Редактирование серверов в мониторинге', 'Доступ к редактированию серверов в мониторинге', 'sys_adm_monitoring_edit', 1, 'boolean', 'false', '{"time_create":1005553535,"time_last":1005553535,"login_create":"admin","login_last":"admin"}'),
(94, 'Удаление серверов из мониторинга', 'Доступ к удалению серверов из мониторинга', 'sys_adm_monitoring_delete', 1, 'boolean', 'false', '{"time_create":1005553535,"time_last":1005553535,"login_create":"admin","login_last":"admin"}'),
(95, 'Добавление новостей', 'Доступ к добавлению новостей', 'sys_adm_news_add', 1, 'boolean', 'false', '{"time_create":1005553535,"time_last":1005553535,"login_create":"admin","login_last":"admin"}'),
(96, 'Редактирование новостей', 'Доступ к редактированию новостей', 'sys_adm_news_edit', 1, 'boolean', 'false', '{"time_create":1005553535,"time_last":1005553535,"login_create":"admin","login_last":"admin"}'),
(97, 'Удаление новостей', 'Доступ к удалению новостей', 'sys_adm_news_delete', 1, 'boolean', 'false', '{"time_create":1005553535,"time_last":1005553535,"login_create":"admin","login_last":"admin"}'),
(98, 'Добавление категорий новостей', 'Доступ к добавлению категорий новостей', 'sys_adm_news_cats_add', 1, 'boolean', 'false', '{"time_create":1005553535,"time_last":1005553535,"login_create":"admin","login_last":"admin"}'),
(99, 'Редактирование категорий новостей', 'Доступ к редактированию категорий новостей', 'sys_adm_news_cats_edit', 1, 'boolean', 'false', '{"time_create":1005553535,"time_last":1005553535,"login_create":"admin","login_last":"admin"}'),
(100, 'Удаление категорий новостей', 'Доступ к удалению категорий новостей', 'sys_adm_news_cats_delete', 1, 'boolean', 'false', '{"time_create":1005553535,"time_last":1005553535,"login_create":"admin","login_last":"admin"}'),
(101, 'Добавление статических страниц', 'Доступ к добавлению статических страниц', 'sys_adm_statics_add', 1, 'boolean', 'false', '{"time_create":1005553535,"time_last":1005553535,"login_create":"admin","login_last":"admin"}'),
(102, 'Редактирование статических страниц', 'Доступ к редактированию статических страниц', 'sys_adm_statics_edit', 1, 'boolean', 'false', '{"time_create":1005553535,"time_last":1005553535,"login_create":"admin","login_last":"admin"}'),
(103, 'Удаление статических страниц', 'Доступ к удалению статических страниц', 'sys_adm_statics_delete', 1, 'boolean', 'false', '{"time_create":1005553535,"time_last":1005553535,"login_create":"admin","login_last":"admin"}'),
(104, 'Добавление пользователей', 'Доступ к добавлению пользователей', 'sys_adm_users_add', 1, 'boolean', 'false', '{"time_create":1005553535,"time_last":1005553535,"login_create":"admin","login_last":"admin"}'),
(105, 'Редактирование пользователей', 'Доступ к редактированию пользователей', 'sys_adm_users_edit', 1, 'boolean', 'false', '{"time_create":1005553535,"time_last":1005553535,"login_create":"admin","login_last":"admin"}'),
(106, 'Удаление пользователей', 'Доступ к удалению пользователей', 'sys_adm_users_delete', 1, 'boolean', 'false', '{"time_create":1005553535,"time_last":1005553535,"login_create":"admin","login_last":"admin"}'),
(107, 'Бан/разбан пользователей', 'Доступ к банам и разбанам пользователей', 'sys_adm_users_ban', 1, 'boolean', 'false', '{"time_create":1005553535,"time_last":1005553535,"login_create":"admin","login_last":"admin"}'),
(108, 'Редактирование модулей', 'Доступ к редактированию модулей', 'sys_adm_modules_edit', 1, 'boolean', 'false', '{"time_create":1005553535,"time_last":1005553535,"login_create":"admin","login_last":"admin"}'),
(109, 'Удаление просмотров', 'Доступ к удалению просмотров новостей', 'sys_adm_news_views_delete', 1, 'boolean', 'false', '{"time_create":1005553535,"time_last":1005553535,"login_create":"admin","login_last":"admin"}'),
(110, 'Удаление голосов', 'Доступ к удалению голосов новостей', 'sys_adm_news_votes_delete', 1, 'boolean', 'false', '{"time_create":1005553535,"time_last":1005553535,"login_create":"admin","login_last":"admin"}'),
(111, 'Управление блоками', 'Доступ к управлению блоками', 'sys_adm_blocks', 1, 'boolean', 'false', '{"time_create":1005553535,"time_last":1005553535,"login_create":"admin","login_last":"admin"}'),
(112, 'Пункт меню "Блоки"', 'Доступ к пункту меню "Блоки" в панели управления.', 'sys_adm_m_i_blocks', 1, 'boolean', 'false', '{"time_create":1005553535,"time_last":1005553535,"login_create":"admin","login_last":"admin"}'),
(113, 'Пункт меню "Локализация"', 'Доступ к пункту меню "Локализация" в панели управления.', 'sys_adm_m_i_l10n', 1, 'boolean', 'false', '{"time_create":1005553535,"time_last":1005553535,"login_create":"admin","login_last":"admin"}'),
(114, 'Редактирование блоков', 'Доступ к редактированию блоков', 'sys_adm_blocks_edit', 1, 'boolean', 'false', '{"time_create":1005553535,"time_last":1005553535,"login_create":"admin","login_last":"admin"}'),
(115, 'Доступ к блоку онлайна', 'Дает доступ к просмотру блока онлайн статистики', 'block_online', 0, 'boolean', 'true', '{"time_create":1005553535,"time_last":1005553535,"login_create":"admin","login_last":"admin"}'),
(116, 'Доступ к блоку баннера', 'Дает доступ к просмотру блока баннера', 'block_banner', 1, 'boolean', 'true', '{"time_create":1005553535,"time_last":1005553535,"login_create":"admin","login_last":"admin"}');
#line
CREATE TABLE IF NOT EXISTS `mcr_statics` (
  `id` int(10) NOT NULL AUTO_INCREMENT,
  `uniq` varchar(64) CHARACTER SET latin1 NOT NULL DEFAULT '',
  `title` varchar(64) NOT NULL DEFAULT '',
  `text_bb` longtext NOT NULL,
  `text_html` longtext NOT NULL,
  `uid` int(10) NOT NULL DEFAULT '0',
  `permissions` varchar(64) CHARACTER SET latin1 NOT NULL DEFAULT '',
  `data` text NOT NULL,
  PRIMARY KEY (`id`),
  UNIQUE KEY `uniq` (`uniq`),
  KEY `uid` (`uid`)
) ENGINE=InnoDB DEFAULT CHARSET=utf8 AUTO_INCREMENT=1 ;
#line
CREATE TABLE IF NOT EXISTS `~us~` (
  `~us_id~` int(11) NOT NULL AUTO_INCREMENT,
  `~us_gid~` int(11) NOT NULL DEFAULT '1',
  `~us_login~` varchar(32) CHARACTER SET latin1 NOT NULL DEFAULT '',
  `~us_uuid~` binary(16) NOT NULL DEFAULT '',
  `~us_email~` varchar(64) CHARACTER SET latin1 NOT NULL DEFAULT '',
  `~us_pass~` varchar(128) CHARACTER SET latin1 NOT NULL DEFAULT '',
  `~us_salt~` varchar(128) NOT NULL DEFAULT '',
  `~us_tmp~` varchar(128) CHARACTER SET latin1 NOT NULL DEFAULT '',
  `~us_is_skin~` tinyint(1) NOT NULL DEFAULT '0',
  `~us_is_cloak~` tinyint(1) NOT NULL DEFAULT '0',
  `~us_ip_last~` varchar(64) CHARACTER SET latin1 NOT NULL DEFAULT '127.0.0.1',
  `~us_date_reg~` datetime NOT NULL,
  `~us_date_last~` datetime NOT NULL,
  `~us_gender~` enum('male','no_set','female') NOT NULL DEFAULT 'no_set',
  `~us_ban_server~` tinyint(1) NOT NULL DEFAULT '0',
  PRIMARY KEY (`~us_id~`),
  UNIQUE KEY `~us_login~` (`~us_login~`),
  UNIQUE KEY `~us_email~` (`~us_email~`),
  UNIQUE KEY `~us_uuid~` (`~us_uuid~`),
  KEY `~us_gid~` (`~us_gid~`),
  KEY `~us_login~_2` (`~us_login~`)
) ENGINE=InnoDB DEFAULT CHARSET=utf8 AUTO_INCREMENT=1 ;
#line
ALTER TABLE `mcr_l10n_phrases`
  ADD CONSTRAINT `mcr_l10n_phrases_ibfk_1` FOREIGN KEY (`language_id`) REFERENCES `mcr_l10n_languages` (`id`) ON DELETE CASCADE ON UPDATE CASCADE;
#line
ALTER TABLE `mcr_l10n_languages`
  ADD CONSTRAINT `mcr_l10n_languages_ibfk_1` FOREIGN KEY (`parent_language`) REFERENCES `mcr_l10n_languages` (`id`) ON DELETE CASCADE ON UPDATE CASCADE;
#line
ALTER TABLE `mcr_news_comments`
  ADD CONSTRAINT `mcr_comments_ibfk_2` FOREIGN KEY (`uid`) REFERENCES `~us~` (`~us_id~`) ON DELETE CASCADE ON UPDATE CASCADE,
  ADD CONSTRAINT `mcr_comments_ibfk_1` FOREIGN KEY (`nid`) REFERENCES `mcr_news` (`id`) ON DELETE CASCADE ON UPDATE CASCADE;
#line
ALTER TABLE `mcr_files`
  ADD CONSTRAINT `mcr_files_ibfk_1` FOREIGN KEY (`uid`) REFERENCES `~us~` (`~us_id~`) ON DELETE CASCADE ON UPDATE CASCADE;
#line
ALTER TABLE `mcr_iconomy`
  ADD CONSTRAINT `mcr_iconomy_ibfk_1` FOREIGN KEY (`login`) REFERENCES `~us~` (`~us_login~`) ON DELETE CASCADE ON UPDATE CASCADE;
#line
ALTER TABLE `mcr_menu_adm`
  ADD CONSTRAINT `mcr_menu_adm_ibfk_1` FOREIGN KEY (`gid`) REFERENCES `mcr_menu_adm_groups` (`id`) ON DELETE CASCADE ON UPDATE CASCADE;
#line
ALTER TABLE `mcr_news`
  ADD CONSTRAINT `mcr_news_ibfk_1` FOREIGN KEY (`cid`) REFERENCES `mcr_news_cats` (`id`) ON DELETE CASCADE ON UPDATE CASCADE,
  ADD CONSTRAINT `mcr_news_ibfk_2` FOREIGN KEY (`uid`) REFERENCES `~us~` (`~us_id~`) ON DELETE CASCADE ON UPDATE CASCADE;
#line
ALTER TABLE `mcr_news_views`
  ADD CONSTRAINT `mcr_news_views_ibfk_2` FOREIGN KEY (`uid`) REFERENCES `~us~` (`~us_id~`) ON DELETE CASCADE ON UPDATE CASCADE,
  ADD CONSTRAINT `mcr_news_views_ibfk_1` FOREIGN KEY (`nid`) REFERENCES `mcr_news` (`id`) ON DELETE CASCADE ON UPDATE CASCADE;
#line
ALTER TABLE `mcr_news_votes`
  ADD CONSTRAINT `mcr_news_votes_ibfk_2` FOREIGN KEY (`uid`) REFERENCES `~us~` (`~us_id~`) ON DELETE CASCADE ON UPDATE CASCADE,
  ADD CONSTRAINT `mcr_news_votes_ibfk_1` FOREIGN KEY (`nid`) REFERENCES `mcr_news` (`id`) ON DELETE CASCADE ON UPDATE CASCADE;
#line
ALTER TABLE `mcr_statics`
  ADD CONSTRAINT `mcr_statics_ibfk_1` FOREIGN KEY (`uid`) REFERENCES `~us~` (`~us_id~`) ON DELETE CASCADE ON UPDATE CASCADE;
#line
ALTER TABLE `~us~`
  ADD CONSTRAINT `~us~_ibfk_1` FOREIGN KEY (`~us_gid~`) REFERENCES `~ug~` (`~ug_id~`) ON DELETE CASCADE ON UPDATE CASCADE;
#line